route_id,service_id,trip_id,trip_headsign,trip_short_name,direction_id,block_id,shape_id
S8,143784813497614,13497614, ,24868,0, , 
S11,143788213497660,13497660, ,25265,0, , 
S11,143788613497664,13497664, ,25271,0, , 
S11,143790613497678,13497678, ,25042,0, , 
R27,143782013497602,13497602, ,900260,0, , 
S2,143838413498118,13498118, ,24244,0, , 
S2,143840013498125,13498125, ,24249,0, , 
S6,143842313498128,13498128, ,24636,0, , 
S2,143844513498130,13498130, ,24222,0, , 
R8,143848113498143,13498143, ,10801,0, , 
S10,143792013497691,13497691, ,25156,0, , 
RE80,143793413497704,13497704, ,25532,0, , 
S11,143795113497719,13497719, ,25085,0, , 
RE80,143796013497728,13497728, ,25506,0, , 
S11,143796813497736,13497736, ,25064,0, , 
S11,143797813497755,13497755, ,25033,0, , 
S11,143798013497757,13497757, ,25081,0, , 
S11,143798913497766,13497766, ,25044,0, , 
R18,143799713497774,13497774, ,10414,0, , 
R18,143800213497778,13497778, ,10426,0, , 
R18,143801113497786,13497786, ,10440,0, , 
R18,143801613497794,13497794, ,10416,0, , 
R13,143802013497798,13497798, ,10329,0, , 
R18,143802613497804,13497804, ,10438,0, , 
S7,143803813497812,13497812, ,24759,0, , 
S9,143803913497813,13497813, ,24947,0, , 
S9,143805813497825,13497825, ,24924,0, , 
S9,143805913497826,13497826, ,24938,0, , 
S7,143808313497841,13497841, ,24761,0, , 
S9,143810713497868,13497868, ,24964,0, , 
S7,143812413497879,13497879, ,24745,0, , 
S7,143816113497898,13497898, ,24730,0, , 
S7,143816913497904,13497904, ,24772,0, , 
S7,143817113497906,13497906, ,24764,0, , 
S9,143817413497908,13497908, ,24922,0, , 
S8,143820113497943,13497943, ,24820,0, , 
R14,143820413497946,13497946, ,25850,0, , 
R14,143820513497947,13497947, ,25851,0, , 
R14,143823013497978,13497978, ,25823,0, , 
R14,143824813497996,13497996, ,25831,0, , 
R14,143825413498002,13498002, ,25867,0, , 
RE8,143825813498006,13498006, ,2832,0, , 
RE8,143826313498011,13498011, ,2834,0, , 
S2,143828013498043,13498043, ,24262,0, , 
R4,143828413498046,13498046, ,10925,0, , 
S2,143830013498054,13498054, ,24238,0, , 
S5,143831313498064,13498064, ,24527,0, , 
S2,143833713498084,13498084, ,24228,0, , 
S2,143834013498087,13498087, ,24239,0, , 
S6,143835213498097,13498097, ,24638,0, , 
RE6,143835413498099,13498099, ,2624,0, , 
S2,143835713498102,13498102, ,24270,0, , 
S2,143836413498107,13498107, ,24264,0, , 
S2,143836713498109,13498109, ,24231,0, , 
R21,143868713498316,13498316, ,25337,0, , 
S5,143869613498319,13498319, ,24560,0, , 
S5,143870813498324,13498324, ,24580,0, , 
R21,143870913498325,13498325, ,25350,0, , 
S5,143873813498338,13498338, ,24520,0, , 
S8,143876313498344,13498344, ,24850,0, , 
S10,143876813498349,13498349, ,25180,0, , 
S8,143878113498379,13498379, ,24830,0, , 
S8,143878313498381,13498381, ,24859,0, , 
S50,143878813498386,13498386, ,25590,0, , 
RE6,143879513498391,13498391, ,2647,0, , 
R34,143883713498420,13498420, ,10474,0, , 
S5,143886713498444,13498444, ,24575,0, , 
R34,143887413498447,13498447, ,10492,0, , 
R1,143887713498450,13498450, ,10110,0, , 
R8,143849513498153,13498153, ,33459,0, , 
S6,143851913498174,13498174, ,24619,0, , 
S6,143852013498175,13498175, ,24615,0, , 
R11,143852613498180,13498180, ,10162,0, , 
S6,143852713498181,13498181, ,24620,0, , 
R7,143854213498189,13498189, ,10721,0, , 
R7,143854513498215,13498215, ,10740,0, , 
R7,143858913498246,13498246, ,10727,0, , 
R11,143859213498249,13498249, ,10178,0, , 
R7,143860013498254,13498254, ,10717,0, , 
S6,143860713498260,13498260, ,24664,0, , 
R7,143861313498264,13498264, ,10736,0, , 
R11,143861913498267,13498267, ,10166,0, , 
S30,143863513498279,13498279, ,25339,0, , 
S5,143863713498280,13498280, ,24573,0, , 
S10,143864113498283,13498283, ,25176,0, , 
XP1,143961813499067,13499067, ,900331,0, , 
R22,143963513499082,13499082, ,910017,0, , 
R16,143964113499088,13499088, ,900651,0, , 
R17,143967713499121,13499121, ,902147,0, , 
S2,143968513499129,13499129, ,932643,0, , 
S4,143969513499138,13499138, ,902730,0, , 
S4,143969713499140,13499140, ,900727,0, , 
R34,143916013498629,13498629, ,10473,0, , 
R28,143916713498633,13498633, ,2985,0, , 
XP1,143917113498635,13498635, ,900313,0, , 
XP1,143918013498644,13498644, ,900395,0, , 
XP1,143918513498649,13498649, ,900324,0, , 
XP1,143919913498663,13498663, ,900348,0, , 
XP1,143920213498666,13498666, ,900385,0, , 
XP1,143920513498669,13498669, ,900355,0, , 
XP1,143920813498672,13498672, ,900356,0, , 
R28,143921713498681,13498681, ,2962,0, , 
R28,143922313498686,13498686, ,2923,0, , 
S50,143924913498716,13498716, ,25592,0, , 
S50,143925313498720,13498720, ,25587,0, , 
S4,143934613498803,13498803, ,900785,0, , 
R3,143936613498823,13498823, ,910988,0, , 
R3,143936813498825,13498825, ,911920,0, , 
R28,143937313498830,13498830, ,910383,0, , 
S4,143937913498835,13498835, ,900735,0, , 
R17,143938113498837,13498837, ,900179,0, , 
S2,143938613498841,13498841, ,932620,0, , 
R17,143939113498845,13498845, ,900129,0, , 
R22,143939713498851,13498851, ,912068,0, , 
R17,143942413498876,13498876, ,900123,0, , 
R17,143943613498884,13498884, ,900149,0, , 
R17,143943813498886,13498886, ,901112,0, , 
S50,143944913498894,13498894, ,928351,0, , 
S2,143946513498909,13498909, ,932636,0, , 
S2,143946913498912,13498912, ,932631,0, , 
R22,143947013498913,13498913, ,910065,0, , 
RE7,143947213498915,13498915, ,902116,0, , 
S9,143947513498935,13498935, ,931463,0, , 
S3,143948013498940,13498940, ,900842,0, , 
S50,143948513498945,13498945, ,928388,0, , 
S3,143948613498946,13498946, ,900851,0, , 
S3,143948813498948,13498948, ,900872,0, , 
S4,143950913498969,13498969, ,902756,0, , 
R28,143951513498974,13498974, ,910360,0, , 
S2,143951613498975,13498975, ,932642,0, , 
R3,143954313498999,13498999, ,910980,0, , 
R16,143954913499003,13499003, ,901659,0, , 
RE1,143955313499007,13499007, ,900030,0, , 
S3,143955513499009,13499009, ,900811,0, , 
S3,143958113499033,13499033, ,900828,0, , 
S2,143958713499039,13499039, ,932627,0, , 
R22,143960813499059,13499059, ,910090,0, , 
R3,143986013499286,13499286, ,901928,0, , 
R3,143987213499297,13499297, ,912944,0, , 
S3,143987313499298,13499298, ,900885,0, , 
R22,143987913499304,13499304, ,910073,0, , 
S4,143990113499323,13499323, ,900781,0, , 
S4,143990313499325,13499325, ,900761,0, , 
S2,143991413499335,13499335, ,932648,0, , 
R25,144027213499650,13499650, ,11254,0, , 
R31,144028613499664,13499664, ,10036,0, , 
R38,144028713499665,13499665, ,10860,0, , 
R38,144031313499685,13499685, ,10899,0, , 
R2,144031913499690,13499690, ,22619,0, , 
R38,144032513499695,13499695, ,10898,0, , 
RE6,144032713499696,13499696, ,2634,0, , 
XP1,143994213499362,13499362, ,900345,0, , 
XP1,143995813499378,13499378, ,900392,0, , 
R28,143995913499379,13499379, ,910369,0, , 
XP1,143996613499384,13499384, ,900342,0, , 
S9,143997313499391,13499391, ,931418,0, , 
S4,143997813499396,13499396, ,900771,0, , 
S3,143998613499402,13499402, ,900881,0, , 
R16,143999113499407,13499407, ,900657,0, , 
S9,143999513499411,13499411, ,931466,0, , 
XP2,143999613499412,13499412, ,910343,0, , 
R17,144000613499420,13499420, ,900169,0, , 
S9,144001313499427,13499427, ,931479,0, , 
XP1,144003213499439,13499439, ,900330,0, , 
R28,144003513499441,13499441, ,910366,0, , 
R16,144003613499442,13499442, ,900685,0, , 
R2,144012113499517,13499517, ,22625,0, , 
S6,144012813499524,13499524, ,24660,0, , 
R6,144013113499527,13499527, ,10608,0, , 
RE4,144014313499539,13499539, ,2442,0, , 
S5,144015113499544,13499544, ,24566,0, , 
RE4,144015313499546,13499546, ,2414,0, , 
R1,144015513499548,13499548, ,10106,0, , 
S40,144017313499563,13499563, ,25422,0, , 
R31,144018013499568,13499568, ,10095,0, , 
R36,144018913499576,13499576, ,10691,0, , 
R40,144019113499578,13499578, ,10007,0, , 
S50,144021713499602,13499602, ,25569,0, , 
R6,144023113499614,13499614, ,10641,0, , 
R31,144023313499615,13499615, ,10056,0, , 
R4,144025313499634,13499634, ,10930,0, , 
S1,144025413499635,13499635, ,24155,0, , 
R6,144026213499642,13499642, ,10647,0, , 
S4,143970313499145,13499145, ,902742,0, , 
S2,143970913499149,13499149, ,932625,0, , 
R22,143972513499165,13499165, ,900066,0, , 
RE3,143972713499167,13499167, ,900922,0, , 
R3,143974013499179,13499179, ,912968,0, , 
S3,143974813499186,13499186, ,900829,0, , 
S3,143975113499189,13499189, ,900841,0, , 
S9,143975713499195,13499195, ,931455,0, , 
S9,143976213499200,13499200, ,931426,0, , 
S4,143978913499222,13499222, ,902740,0, , 
S4,143983513499262,13499262, ,902712,0, , 
S4,143984713499273,13499273, ,900733,0, , 
S9,143985313499279,13499279, ,931432,0, , 
R28,143985613499282,13499282, ,910348,0, , 
RE4,144085013500187,13500187, ,2405,0, , 
R5,144087113500219,13500219, ,10538,0, , 
R6,144088213500230,13500230, ,10640,0, , 
R36,144088813500235,13500235, ,10665,0, , 
R35,144089013500236,13500236, ,10566,0, , 
R28,144089713500241,13500241, ,2924,0, , 
R28,144091313500256,13500256, ,2969,0, , 
R28,144034913499713,13499713, ,2945,0, , 
RE2,144035113499715,13499715, ,2257,0, , 
S6,144035413499718,13499718, ,24633,0, , 
S50,144036313499725,13499725, ,25557,0, , 
S50,144037413499734,13499734, ,25554,0, , 
R28,144037613499736,13499736, ,2965,0, , 
S5,144039913499757,13499757, ,24528,0, , 
R37,144041913499774,13499774, ,10766,0, , 
S6,144043813499792,13499792, ,24677,0, , 
R2,144045813499812,13499812, ,22683,0, , 
S5,144046813499821,13499821, ,24555,0, , 
R5,144050913499856,13499856, ,10516,0, , 
RE5,144052013499865,13499865, ,2533,0, , 
S6,144052813499872,13499872, ,24655,0, , 
RE2,144053413499877,13499877, ,2217,0, , 
RE2,144054213499884,13499884, ,2222,0, , 
R28,144054513499887,13499887, ,2933,0, , 
R38,144054713499889,13499889, ,10875,0, , 
R23,144054813499890,13499890, ,10237,0, , 
R28,144060013499936,13499936, ,2960,0, , 
S1,144061113499947,13499947, ,24136,0, , 
RE5,144061513499950,13499950, ,2560,0, , 
R4,144061713499952,13499952, ,2658,0, , 
XP2,144064413499974,13499974, ,2939,0, , 
RE2,144064813499978,13499978, ,2245,0, , 
R28,144065213499980,13499980, ,2981,0, , 
S6,144066913499995,13499995, ,24682,0, , 
XP2,144069113500017,13500017, ,2971,0, , 
RE2,144069513500021,13500021, ,2206,0, , 
S1,144071913500042,13500042, ,24147,0, , 
RE6,144073913500060,13500060, ,2628,0, , 
R40,144075013500101,13500101, ,10009,0, , 
R1,144075713500107,13500107, ,10119,0, , 
R28,144075813500108,13500108, ,2968,0, , 
R8,144076513500114,13500114, ,10813,0, , 
R31,144077413500122,13500122, ,10067,0, , 
S1,144078313500130,13500130, ,24145,0, , 
R37,144079613500140,13500140, ,10754,0, , 
R23,144082713500168,13500168, ,10233,0, , 
R5,144108613500441,13500441, ,10521,0, , 
RE11,144108913500444,13500444, ,2161,0, , 
RE1,144109913500451,13500451, ,902024,0, , 
R28,144110213500453,13500453, ,910345,0, , 
S3,144110313500454,13500454, ,900834,0, , 
R16,144111713500464,13500464, ,900637,0, , 
XP1,144112413500470,13500470, ,900362,0, , 
R17,144112813500474,13500474, ,901177,0, , 
S9,144113113500477,13500477, ,931453,0, , 
S9,144113713500498,13500498, ,931430,0, , 
S5,144114513500505,13500505, ,24556,0, , 
S9,144116213500520,13500520, ,24949,0, , 
R18,144116713500525,13500525, ,10417,0, , 
R2,144091413500257,13500257, ,22658,0, , 
S1,144092013500261,13500261, ,24152,0, , 
RE2,144093413500273,13500273, ,2256,0, , 
R23,144093613500275,13500275, ,10242,0, , 
R31,144095213500288,13500288, ,10076,0, , 
R28,144096213500296,13500296, ,2964,0, , 
RE5,144096313500314,13500314, ,2564,0, , 
R6,144097313500324,13500324, ,10620,0, , 
R31,144098413500335,13500335, ,10066,0, , 
R2,144098613500337,13500337, ,22622,0, , 
S1,144098713500338,13500338, ,24116,0, , 
R4,144099513500346,13500346, ,10926,0, , 
S6,144101113500358,13500358, ,24678,0, , 
R2,144101613500362,13500362, ,22655,0, , 
R28,144102813500376,13500376, ,2940,0, , 
S5,144103113500379,13500379, ,24543,0, , 
S1,144103313500381,13500381, ,24129,0, , 
RE6,144103413500382,13500382, ,2631,0, , 
RE6,144105913500406,13500406, ,2641,0, , 
S1,144107413500420,13500420, ,24126,0, , 
RE80,143784413497611,13497611, ,25523,0, , 
S8,143784713497613,13497613, ,24848,0, , 
S8,143785013497616,13497616, ,24841,0, , 
S8,143785313497619,13497619, ,24877,0, , 
S8,143786013497626,13497626, ,24878,0, , 
S11,143789013497665,13497665, ,25043,0, , 
R27,143783613497575,13497575, ,900279,0, , 
R27,143781413497580,13497580, ,900236,0, , 
R27,143781713497589,13497589, ,900246,0, , 
R27,143780613497593,13497593, ,900241,0, , 
R27,143782113497594,13497594, ,900266,0, , 
R27,143782913497597,13497597, ,900235,0, , 
R27,143781213497603,13497603, ,900226,0, , 
R27,143783013497604,13497604, ,900245,0, , 
S2,143844413498129,13498129, ,24241,0, , 
RE6,143844813498132,13498132, ,2622,0, , 
S5,143844913498133,13498133, ,24526,0, , 
R8,143848513498145,13498145, ,10836,0, , 
RE8,143791813497689,13497689, ,2811,0, , 
R31,143791913497690,13497690, ,10018,0, , 
RE80,143793513497705,13497705, ,25511,0, , 
R4,143794413497715,13497715, ,10938,0, , 
S11,143795413497722,13497722, ,25017,0, , 
S11,143795913497727,13497727, ,25073,0, , 
RE80,143796613497734,13497734, ,25529,0, , 
S11,143799113497768,13497768, ,25061,0, , 
RE11,143800913497784,13497784, ,2180,0, , 
R18,143801413497789,13497789, ,10433,0, , 
S9,143804013497814,13497814, ,24977,0, , 
S7,143804513497816,13497816, ,24736,0, , 
S9,143805213497819,13497819, ,24959,0, , 
S7,143806613497830,13497830, ,24752,0, , 
S7,143806713497831,13497831, ,24769,0, , 
S7,143811813497875,13497875, ,24765,0, , 
S9,143814013497886,13497886, ,24920,0, , 
S9,143814613497890,13497890, ,24923,0, , 
S9,143814913497892,13497892, ,24962,0, , 
S9,143816213497899,13497899, ,24970,0, , 
S9,143819213497936,13497936, ,24969,0, , 
S7,143819513497938,13497938, ,24776,0, , 
RE8,143819913497941,13497941, ,2827,0, , 
S8,143820013497942,13497942, ,24814,0, , 
R14,143820313497945,13497945, ,25842,0, , 
S8,143820913497951,13497951, ,24856,0, , 
R14,143821613497958,13497958, ,25846,0, , 
S8,143822313497964,13497964, ,24844,0, , 
RE8,143822513497966,13497966, ,2821,0, , 
S8,143822713497975,13497975, ,24824,0, , 
R34,143824013497988,13497988, ,10468,0, , 
S8,143825513498003,13498003, ,24840,0, , 
RE8,143825713498005,13498005, ,2814,0, , 
R14,143825913498007,13498007, ,25822,0, , 
R14,143826413498012,13498012, ,25862,0, , 
R14,143827313498036,13498036, ,25835,0, , 
RE8,143827813498041,13498041, ,2833,0, , 
R4,143831113498062,13498062, ,10918,0, , 
RE11,143831213498063,13498063, ,2174,0, , 
RE11,143831713498067,13498067, ,2186,0, , 
S2,143831913498074,13498074, ,24256,0, , 
S2,143833013498080,13498080, ,24245,0, , 
S5,143834413498091,13498091, ,24538,0, , 
S2,143834913498095,13498095, ,24266,0, , 
S5,143836013498105,13498105, ,24535,0, , 
S5,143836913498110,13498110, ,24540,0, , 
R21,143864313498285,13498285, ,25319,0, , 
S5,143865513498290,13498290, ,24569,0, , 
R21,143865713498292,13498292, ,25341,0, , 
S30,143866013498295,13498295, ,25328,0, , 
R21,143866413498297,13498297, ,25347,0, , 
R13,143867113498300,13498300, ,10315,0, , 
S5,143867813498305,13498305, ,24545,0, , 
S5,143869313498318,13498318, ,24513,0, , 
R21,143869913498320,13498320, ,25352,0, , 
RE6,143912213498610,13498610, ,2648,0, , 
RE2,143913613498617,13498617, ,2215,0, , 
R13,143872613498333,13498333, ,10319,0, , 
S8,143876513498346,13498346, ,24819,0, , 
S8,143877513498356,13498356, ,24870,0, , 
S8,143878413498382,13498382, ,24862,0, , 
S8,143878513498383,13498383, ,24861,0, , 
S10,143878613498384,13498384, ,25172,0, , 
S50,143878713498385,13498385, ,25570,0, , 
S8,143880013498396,13498396, ,24826,0, , 
S50,143880413498400,13498400, ,25565,0, , 
S8,143880713498403,13498403, ,24875,0, , 
S8,143880913498405,13498405, ,24871,0, , 
S8,143881213498407,13498407, ,24818,0, , 
R34,143882913498417,13498417, ,10452,0, , 
S5,143883113498418,13498418, ,24584,0, , 
S5,143883313498419,13498419, ,24514,0, , 
R34,143884613498436,13498436, ,10472,0, , 
R34,143885013498437,13498437, ,10471,0, , 
R34,143885713498439,13498439, ,10457,0, , 
S5,143887213498445,13498445, ,24511,0, , 
R34,143887313498446,13498446, ,10465,0, , 
S9,143887513498448,13498448, ,24972,0, , 
R34,143888213498451,13498451, ,10480,0, , 
R8,143848613498146,13498146, ,10809,0, , 
R4,143850613498163,13498163, ,10910,0, , 
R7,143853513498185,13498185, ,10719,0, , 
S6,143854313498194,13498194, ,24661,0, , 
R11,143854813498217,13498217, ,10171,0, , 
R11,143854913498218,13498218, ,10158,0, , 
R7,143855813498225,13498225, ,10733,0, , 
S6,143859413498251,13498251, ,24666,0, , 
S2,143963613499083,13499083, ,932670,0, , 
R16,143965413499100,13499100, ,900663,0, , 
R16,143965813499103,13499103, ,900666,0, , 
R22,143967613499120,13499120, ,912079,0, , 
S9,143968013499124,13499124, ,931413,0, , 
R11,143915013498625,13498625, ,10170,0, , 
RE2,143915113498626,13498626, ,2211,0, , 
RE2,143915213498627,13498627, ,2247,0, , 
XP2,143916313498630,13498630, ,2918,0, , 
XP1,143917813498642,13498642, ,900389,0, , 
XP1,143919313498657,13498657, ,900312,0, , 
XP1,143919413498658,13498658, ,900304,0, , 
XP1,143919613498660,13498660, ,900343,0, , 
R28,143919813498662,13498662, ,910395,0, , 
R28,143921513498679,13498679, ,2927,0, , 
S50,143922713498694,13498694, ,928318,0, , 
S50,143922913498696,13498696, ,928390,0, , 
S50,143923013498697,13498697, ,928374,0, , 
S50,143923813498705,13498705, ,928337,0, , 
S50,143924513498712,13498712, ,25588,0, , 
S50,143925013498717,13498717, ,25555,0, , 
S50,143925413498721,13498721, ,25583,0, , 
RE3,143933513498792,13498792, ,900981,0, , 
XP2,143934213498799,13498799, ,910333,0, , 
S4,143935513498812,13498812, ,900725,0, , 
S9,143935813498815,13498815, ,931421,0, , 
R17,143936113498818,13498818, ,900110,0, , 
S9,143939613498850,13498850, ,931450,0, , 
XP2,143940513498859,13498859, ,910330,0, , 
R16,143940913498862,13498862, ,900631,0, , 
RE3,143941113498864,13498864, ,900971,0, , 
S50,143941713498869,13498869, ,928368,0, , 
R22,143942113498873,13498873, ,910059,0, , 
XP2,143942513498877,13498877, ,910378,0, , 
R22,143943713498885,13498885, ,900052,0, , 
S9,143945313498898,13498898, ,931465,0, , 
R3,143945513498900,13498900, ,902980,0, , 
R3,143946113498906,13498906, ,902974,0, , 
R16,143948113498941,13498941, ,901670,0, , 
XP2,143951713498976,13498976, ,910319,0, , 
R22,143952713498984,13498984, ,910091,0, , 
S3,143952913498986,13498986, ,900884,0, , 
S9,143953113498988,13498988, ,931458,0, , 
S4,143955213499006,13499006, ,900717,0, , 
R17,143955413499008,13499008, ,900144,0, , 
R17,143955613499010,13499010, ,900166,0, , 
S3,143955913499013,13499013, ,900886,0, , 
S3,143958513499037,13499037, ,900856,0, , 
RE1,143959013499042,13499042, ,902065,0, , 
XP1,143959113499043,13499043, ,900371,0, , 
XP1,143985813499284,13499284, ,900358,0, , 
S2,143986113499287,13499287, ,932635,0, , 
S4,143987413499299,13499299, ,900775,0, , 
RE3,143989713499319,13499319, ,900948,0, , 
S4,143989813499320,13499320, ,900719,0, , 
R28,143990413499326,13499326, ,910336,0, , 
R3,143991813499339,13499339, ,912956,0, , 
S2,143993013499351,13499351, ,932647,0, , 
R2,144027913499657,13499657, ,22627,0, , 
S1,144028013499658,13499658, ,24157,0, , 
XP2,144028813499666,13499666, ,2951,0, , 
RE6,144030013499673,13499673, ,2636,0, , 
R38,144033313499702,13499702, ,10854,0, , 
RE5,144034313499709,13499709, ,2561,0, , 
R5,144034513499710,13499710, ,10533,0, , 
XP1,143994513499365,13499365, ,900335,0, , 
S4,143994613499366,13499366, ,900787,0, , 
S3,143995113499371,13499371, ,900883,0, , 
R28,143995713499377,13499377, ,910327,0, , 
R3,143996513499383,13499383, ,912965,0, , 
S3,143998113499397,13499397, ,900845,0, , 
RE3,143999313499409,13499409, ,900963,0, , 
R16,144000413499418,13499418, ,900625,0, , 
S9,144001013499424,13499424, ,931409,0, , 
S9,144001113499425,13499425, ,931429,0, , 
R16,144004213499446,13499446, ,900677,0, , 
R17,144004313499447,13499447, ,902185,0, , 
R16,144004713499451,13499451, ,900644,0, , 
R38,144011913499515,13499515, ,10885,0, , 
XP2,144012413499520,13499520, ,2975,0, , 
R37,144012713499523,13499523, ,10778,0, , 
RE2,144013313499529,13499529, ,2223,0, , 
R38,144013413499530,13499530, ,10883,0, , 
S50,144014213499538,13499538, ,25574,0, , 
R36,144015413499547,13499547, ,10688,0, , 
RE6,144016113499553,13499553, ,2616,0, , 
RE5,144016213499554,13499554, ,2537,0, , 
R41,144016313499555,13499555, ,10951,0, , 
RE2,144016913499560,13499560, ,2244,0, , 
R28,144017113499562,13499562, ,2973,0, , 
R36,144020313499589,13499589, ,10666,0, , 
RE6,144020413499590,13499590, ,2642,0, , 
R28,144020913499595,13499595, ,2920,0, , 
S50,144021213499598,13499598, ,25577,0, , 
S40,144025013499631,13499631, ,25456,0, , 
R28,144025713499638,13499638, ,2961,0, , 
RE1,143969913499142,13499142, ,902071,0, , 
S3,143970213499144,13499144, ,900874,0, , 
RE3,143971613499156,13499156, ,900927,0, , 
S3,143971813499158,13499158, ,900893,0, , 
XP1,143971913499159,13499159, ,900318,0, , 
R28,143972313499163,13499163, ,910357,0, , 
S9,143972813499168,13499168, ,931474,0, , 
S4,143973013499170,13499170, ,902744,0, , 
R22,143974613499184,13499184, ,901054,0, , 
S50,143975813499196,13499196, ,928333,0, , 
S2,143975913499197,13499197, ,932663,0, , 
R16,143979813499230,13499230, ,901622,0, , 
R22,143980013499232,13499232, ,900044,0, , 
R28,143980113499233,13499233, ,910311,0, , 
S3,143981713499246,13499246, ,900826,0, , 
R17,143983213499259,13499259, ,900159,0, , 
S50,143983413499261,13499261, ,928378,0, , 
S4,143984413499270,13499270, ,900777,0, , 
R17,143984513499271,13499271, ,901143,0, , 
S50,144084113500179,13500179, ,25556,0, , 
R1,144084413500181,13500181, ,10121,0, , 
R5,144085313500190,13500190, ,10514,0, , 
RE5,144087513500223,13500223, ,2536,0, , 
R2,144088413500232,13500232, ,22664,0, , 
R28,144089913500243,13500243, ,2976,0, , 
S5,144090013500244,13500244, ,24557,0, , 
S7,144037713499737,13499737, ,24720,0, , 
R18,144038113499741,13499741, ,10428,0, , 
R25,144038513499744,13499744, ,11279,0, , 
R31,144038713499746,13499746, ,10044,0, , 
R6,144039013499748,13499748, ,10615,0, , 
RE11,144039313499751,13499751, ,2157,0, , 
R38,144040313499760,13499760, ,10874,0, , 
R25,144040713499763,13499763, ,11269,0, , 
R31,144040813499764,13499764, ,10033,0, , 
XP2,144040913499765,13499765, ,2943,0, , 
S6,144041313499769,13499769, ,24652,0, , 
S6,144042213499776,13499776, ,24635,0, , 
R1,144043713499791,13499791, ,10128,0, , 
RE5,144044113499795,13499795, ,2568,0, , 
R38,144044513499799,13499799, ,10895,0, , 
S2,144044713499801,13499801, ,24265,0, , 
S6,144045113499805,13499805, ,24671,0, , 
RE6,144045713499811,13499811, ,2608,0, , 
S2,144045913499813,13499813, ,24272,0, , 
R6,144046313499816,13499816, ,10609,0, , 
S1,144046513499818,13499818, ,24122,0, , 
R6,144046613499819,13499819, ,10643,0, , 
S1,144047513499827,13499827, ,24175,0, , 
S1,144048513499834,13499834, ,24173,0, , 
R40,144048613499835,13499835, ,10002,0, , 
S6,144048913499838,13499838, ,24676,0, , 
R1,144049013499839,13499839, ,10137,0, , 
R31,144050313499850,13499850, ,10057,0, , 
S2,144050413499851,13499851, ,24215,0, , 
R35,144052913499873,13499873, ,10584,0, , 
RE2,144053213499876,13499876, ,2221,0, , 
S1,144053913499881,13499881, ,24142,0, , 
RE2,144055013499892,13499892, ,2227,0, , 
R2,144055813499900,13499900, ,22626,0, , 
S1,144058213499922,13499922, ,24139,0, , 
S5,144058413499923,13499923, ,24585,0, , 
S1,144058713499925,13499925, ,24165,0, , 
R2,144059213499928,13499928, ,22638,0, , 
R2,144060613499942,13499942, ,22635,0, , 
R38,144061613499951,13499951, ,10865,0, , 
R2,144063613499967,13499967, ,22620,0, , 
RE11,144064013499970,13499970, ,2179,0, , 
S40,144065013499979,13499979, ,25468,0, , 
XP2,144065313499981,13499981, ,2967,0, , 
RE4,144066813499994,13499994, ,2430,0, , 
S40,144067213499998,13499998, ,25416,0, , 
R31,144068213500008,13500008, ,10053,0, , 
S40,144068413500010,13500010, ,25476,0, , 
S9,144070713500033,13500033, ,24955,0, , 
RE6,144071513500039,13500039, ,2617,0, , 
S5,144072713500049,13500049, ,24548,0, , 
R6,144073713500058,13500058, ,10603,0, , 
RE2,144073813500059,13500059, ,2218,0, , 
R35,144074013500074,13500074, ,10565,0, , 
R36,144077313500121,13500121, ,10674,0, , 
R31,144077513500123,13500123, ,10032,0, , 
S5,144078013500127,13500127, ,24547,0, , 
RE11,144078113500128,13500128, ,2169,0, , 
S1,144078513500132,13500132, ,24118,0, , 
S6,144080813500152,13500152, ,24639,0, , 
R35,144082013500162,13500162, ,10574,0, , 
R5,144082113500163,13500163, ,10529,0, , 
R37,144108513500440,13500440, ,10781,0, , 
S40,144109213500447,13500447, ,25430,0, , 
R22,144109813500450,13500450, ,900084,0, , 
R22,144111413500461,13500461, ,912047,0, , 
S3,144111513500462,13500462, ,900855,0, , 
RE3,144112513500471,13500471, ,900960,0, , 
R7,144114913500508,13500508, ,10728,0, , 
RE11,144115113500509,13500509, ,2158,0, , 
R39,144093913500278,13500278, ,10796,0, , 
R2,144094713500284,13500284, ,22631,0, , 
S40,144094813500285,13500285, ,25482,0, , 
R4,144095013500287,13500287, ,10944,0, , 
R38,144095613500292,13500292, ,10870,0, , 
R2,144096513500316,13500316, ,22629,0, , 
R7,144096913500320,13500320, ,10744,0, , 
R41,144097613500327,13500327, ,10966,0, , 
R2,144097713500328,13500328, ,22659,0, , 
RE6,144100713500355,13500355, ,2633,0, , 
S6,144100913500356,13500356, ,24613,0, , 
S1,144101913500365,13500365, ,24174,0, , 
R38,144102713500375,13500375, ,10881,0, , 
R28,144106313500410,13500410, ,2936,0, , 
R35,144106613500413,13500413, ,10587,0, , 
RE11,144106913500415,13500415, ,2153,0, , 
R5,144107213500418,13500418, ,10536,0, , 
R27,143781113497608,13497608, ,901224,0, , 
RE80,143784313497610,13497610, ,25535,0, , 
S8,143784913497615,13497615, ,24832,0, , 
S8,143785113497617,13497617, ,24821,0, , 
S11,143786413497629,13497629, ,25082,0, , 
S11,143789513497670,13497670, ,25055,0, , 
S11,143790513497677,13497677, ,25059,0, , 
S8,143791213497684,13497684, ,24886,0, , 
R27,143783713497586,13497586, ,900283,0, , 
R27,143780513497591,13497591, ,900213,0, , 
S2,143837213498113,13498113, ,24273,0, , 
S2,143839913498124,13498124, ,24237,0, , 
S2,143844613498131,13498131, ,24246,0, , 
RE8,143791513497687,13497687, ,2876,0, , 
RE80,143792513497695,13497695, ,25518,0, , 
RE80,143792813497698,13497698, ,25522,0, , 
S11,143799213497769,13497769, ,25029,0, , 
RE80,143799613497773,13497773, ,25530,0, , 
R18,143799913497775,13497775, ,10421,0, , 
R40,143800413497780,13497780, ,10001,0, , 
R18,143800513497781,13497781, ,10429,0, , 
R18,143801813497796,13497796, ,10436,0, , 
S7,143806313497829,13497829, ,24725,0, , 
S7,143808813497845,13497845, ,24728,0, , 
S9,143809513497858,13497858, ,24929,0, , 
S7,143809813497861,13497861, ,24726,0, , 
S7,143810313497864,13497864, ,24756,0, , 
S9,143811513497874,13497874, ,24917,0, , 
S8,143813813497885,13497885, ,24801,0, , 
S9,143815613497896,13497896, ,24916,0, , 
S9,143816513497901,13497901, ,24935,0, , 
S9,143817513497909,13497909, ,24943,0, , 
S9,143817813497912,13497912, ,24928,0, , 
S7,143819313497937,13497937, ,24734,0, , 
S8,143819813497940,13497940, ,24880,0, , 
RE8,143820213497944,13497944, ,2816,0, , 
R14,143821813497960,13497960, ,25826,0, , 
RE8,143822013497961,13497961, ,2837,0, , 
S8,143822613497974,13497974, ,24852,0, , 
S8,143823113497979,13497979, ,24873,0, , 
RE8,143823913497987,13497987, ,2836,0, , 
S8,143824313497991,13497991, ,24869,0, , 
RE8,143824413497992,13497992, ,2815,0, , 
R14,143827413498037,13498037, ,25875,0, , 
S6,143829613498052,13498052, ,24625,0, , 
S2,143830213498056,13498056, ,24233,0, , 
S2,143830613498059,13498059, ,24252,0, , 
S5,143831613498066,13498066, ,24539,0, , 
S6,143833413498083,13498083, ,24642,0, , 
RE11,143834213498089,13498089, ,2154,0, , 
S6,143835013498096,13498096, ,24631,0, , 
S2,143835913498104,13498104, ,24269,0, , 
RE6,143836613498108,13498108, ,2623,0, , 
R13,143865613498291,13498291, ,10335,0, , 
R21,143867213498301,13498301, ,25333,0, , 
R21,143868613498315,13498315, ,25394,0, , 
R21,143870313498321,13498321, ,25326,0, , 
S30,143870613498323,13498323, ,25343,0, , 
R12,143912113498609,13498609, ,10290,0, , 
RE2,143912413498611,13498611, ,2212,0, , 
R21,143874613498340,13498340, ,25303,0, , 
S5,143874913498343,13498343, ,24524,0, , 
S10,143879113498388,13498388, ,25170,0, , 
S50,143879913498395,13498395, ,25580,0, , 
S8,143880213498398,13498398, ,24823,0, , 
S50,143880813498404,13498404, ,25560,0, , 
R34,143884013498421,13498421, ,10481,0, , 
R34,143884413498434,13498434, ,10470,0, , 
R34,143884513498435,13498435, ,10476,0, , 
R34,143885113498438,13498438, ,10479,0, , 
R34,143886613498443,13498443, ,10455,0, , 
R8,143849413498152,13498152, ,33466,0, , 
R8,143849713498155,13498155, ,33469,0, , 
R8,143850813498165,13498165, ,33455,0, , 
R8,143851213498169,13498169, ,33472,0, , 
R7,143852413498178,13498178, ,10725,0, , 
R7,143853713498186,13498186, ,10730,0, , 
R11,143857113498233,13498233, ,10173,0, , 
R11,143858013498239,13498239, ,10155,0, , 
R21,143859013498247,13498247, ,25304,0, , 
R7,143860813498261,13498261, ,10726,0, , 
RE11,143862913498276,13498276, ,2178,0, , 
R3,143962313499071,13499071, ,911914,0, , 
XP2,143963313499080,13499080, ,910351,0, , 
R22,143963713499084,13499084, ,901037,0, , 
S3,143964313499090,13499090, ,900824,0, , 
S3,143964513499092,13499092, ,900838,0, , 
S3,143966613499110,13499110, ,900847,0, , 
S2,143967513499119,13499119, ,932659,0, , 
XP1,143968813499132,13499132, ,900354,0, , 
XP1,143918213498646,13498646, ,900328,0, , 
XP1,143920113498665,13498665, ,900340,0, , 
RE2,143921313498677,13498677, ,2246,0, , 
R28,143921413498678,13498678, ,2970,0, , 
S50,143923113498698,13498698, ,928379,0, , 
S50,143924113498708,13498708, ,928354,0, , 
S50,143924413498711,13498711, ,25572,0, , 
S50,143924713498714,13498714, ,25559,0, , 
XP2,143933413498791,13498791, ,910358,0, , 
R17,143933613498793,13498793, ,901148,0, , 
R16,143934913498806,13498806, ,900615,0, , 
S4,143935313498810,13498810, ,900751,0, , 
R28,143935713498814,13498814, ,910391,0, , 
R17,143936313498820,13498820, ,900141,0, , 
S9,143938913498843,13498843, ,931422,0, , 
R22,143940213498856,13498856, ,900035,0, , 
S9,143942813498879,13498879, ,931473,0, , 
S2,143943013498880,13498880, ,932633,0, , 
S2,143943913498887,13498887, ,932669,0, , 
S4,143945013498895,13498895, ,902738,0, , 
S4,143945113498896,13498896, ,900786,0, , 
XP1,143947113498914,13498914, ,900368,0, , 
R3,143948313498943,13498943, ,901945,0, , 
S3,143949213498952,13498952, ,900880,0, , 
R16,143950013498960,13498960, ,900678,0, , 
S3,143950313498963,13498963, ,900835,0, , 
R28,143953913498995,13498995, ,910376,0, , 
R17,143956613499019,13499019, ,900183,0, , 
S2,143956713499020,13499020, ,932680,0, , 
S2,143956913499022,13499022, ,932649,0, , 
R17,143957313499026,13499026, ,900188,0, , 
S4,143987513499300,13499300, ,900757,0, , 
S9,143988313499307,13499307, ,931412,0, , 
R16,143992313499344,13499344, ,900635,0, , 
XP1,143992513499346,13499346, ,900388,0, , 
R4,144027013499649,13499649, ,10939,0, , 
RE2,144027513499653,13499653, ,2279,0, , 
R38,144029213499668,13499668, ,10856,0, , 
R1,144030513499677,13499677, ,10127,0, , 
R23,144030713499679,13499679, ,10241,0, , 
R31,144031813499689,13499689, ,10084,0, , 
R39,144032013499691,13499691, ,10797,0, , 
R31,144032913499698,13499698, ,10025,0, , 
RE4,144033113499700,13499700, ,2435,0, , 
S4,143994413499364,13499364, ,900715,0, , 
R17,143996213499381,13499381, ,902162,0, , 
S2,143998513499401,13499401, ,932677,0, , 
S50,143999413499410,13499410, ,928325,0, , 
S2,144001913499433,13499433, ,932683,0, , 
R28,144002813499436,13499436, ,910344,0, , 
R3,144004913499453,13499453, ,900940,0, , 
R2,144011413499511,13499511, ,22662,0, , 
R38,144011613499512,13499512, ,10894,0, , 
R4,144011713499513,13499513, ,10937,0, , 
S1,144013813499534,13499534, ,24113,0, , 
S6,144014813499542,13499542, ,24675,0, , 
RE2,144015913499551,13499551, ,2275,0, , 
S40,144016613499558,13499558, ,25432,0, , 
R4,144017813499566,13499566, ,10945,0, , 
RE2,144017913499567,13499567, ,2240,0, , 
RE2,144018513499572,13499572, ,2262,0, , 
R4,144018713499574,13499574, ,10905,0, , 
RE2,144019413499581,13499581, ,2224,0, , 
S5,144019813499584,13499584, ,24531,0, , 
R1,144020813499594,13499594, ,10141,0, , 
R1,144021313499599,13499599, ,10142,0, , 
RE5,144022113499605,13499605, ,2544,0, , 
R35,144022313499606,13499606, ,10563,0, , 
R36,144022913499612,13499612, ,10687,0, , 
R1,144023013499613,13499613, ,10117,0, , 
R31,144025513499636,13499636, ,10049,0, , 
R2,144025913499640,13499640, ,22675,0, , 
R22,143971213499152,13499152, ,910045,0, , 
S2,143976013499198,13499198, ,932624,0, , 
XP1,143976513499203,13499203, ,900383,0, , 
S4,143976913499206,13499206, ,902770,0, , 
R22,143978013499213,13499213, ,911012,0, , 
RE7,143979113499224,13499224, ,902169,0, , 
S2,143979213499225,13499225, ,932619,0, , 
S3,143979413499227,13499227, ,900831,0, , 
R17,143980413499236,13499236, ,900178,0, , 
S9,143981513499245,13499245, ,931417,0, , 
R28,143981913499248,13499248, ,910340,0, , 
XP1,143984113499267,13499267, ,900384,0, , 
R39,144083813500177,13500177, ,10793,0, , 
R2,144085413500191,13500191, ,22678,0, , 
R1,144085613500193,13500193, ,10101,0, , 
S1,144086313500199,13500199, ,24137,0, , 
S1,144086913500217,13500217, ,24135,0, , 
XP2,144087313500221,13500221, ,2955,0, , 
R5,144088613500234,13500234, ,10525,0, , 
R36,144091113500254,13500254, ,10685,0, , 
R23,144091213500255,13500255, ,10229,0, , 
R28,144035313499717,13499717, ,2937,0, , 
S1,144036713499729,13499729, ,24182,0, , 
S6,144036813499730,13499730, ,24618,0, , 
R28,144037113499732,13499732, ,2957,0, , 
R31,144038413499743,13499743, ,10040,0, , 
RE11,144038613499745,13499745, ,2165,0, , 
S5,144039713499755,13499755, ,24519,0, , 
XP2,144040513499761,13499761, ,2934,0, , 
S1,144041113499767,13499767, ,24125,0, , 
R31,144041213499768,13499768, ,10065,0, , 
S1,144042113499775,13499775, ,24119,0, , 
RE5,144042313499777,13499777, ,2532,0, , 
R36,144043213499786,13499786, ,10698,0, , 
RE2,144043913499793,13499793, ,2258,0, , 
R2,144044413499798,13499798, ,22624,0, , 
R2,144044813499802,13499802, ,22668,0, , 
R35,144044913499803,13499803, ,10590,0, , 
R5,144047913499829,13499829, ,10537,0, , 
R1,144048113499830,13499830, ,10135,0, , 
R2,144048313499832,13499832, ,22646,0, , 
R35,144048713499836,13499836, ,10586,0, , 
S1,144049313499842,13499842, ,24181,0, , 
R38,144049713499845,13499845, ,10855,0, , 
RE2,144050613499853,13499853, ,2298,0, , 
R28,144051813499863,13499863, ,2972,0, , 
R2,144052213499867,13499867, ,22661,0, , 
R4,144052713499871,13499871, ,10940,0, , 
S1,144053613499879,13499879, ,24161,0, , 
R2,144054313499885,13499885, ,22673,0, , 
R39,144056013499902,13499902, ,10792,0, , 
R37,144056313499905,13499905, ,10759,0, , 
RE6,144057213499913,13499913, ,2638,0, , 
R38,144057513499916,13499916, ,10867,0, , 
R5,144058813499926,13499926, ,10522,0, , 
R35,144059913499935,13499935, ,10589,0, , 
R1,144060413499940,13499940, ,10136,0, , 
S6,144061013499946,13499946, ,24673,0, , 
R41,144062913499962,13499962, ,10980,0, , 
R35,144064613499976,13499976, ,10567,0, , 
R31,144065413499982,13499982, ,10063,0, , 
R5,144066013499987,13499987, ,10530,0, , 
R38,144066513499991,13499991, ,10877,0, , 
S6,144067113499997,13499997, ,24616,0, , 
R31,144069213500018,13500018, ,10075,0, , 
S1,144070013500026,13500026, ,24134,0, , 
R28,144072113500044,13500044, ,2925,0, , 
S5,144072813500050,13500050, ,24581,0, , 
XP2,144073013500052,13500052, ,2942,0, , 
S5,144074513500098,13500098, ,24542,0, , 
S1,144074713500099,13500099, ,24130,0, , 
R1,144077613500124,13500124, ,10115,0, , 
S40,144078413500131,13500131, ,25410,0, , 
R1,144079213500137,13500137, ,10131,0, , 
R31,144080013500144,13500144, ,10070,0, , 
RE4,144082213500164,13500164, ,2426,0, , 
S1,144082413500165,13500165, ,24166,0, , 
RE2,144082513500166,13500166, ,2229,0, , 
R6,144082613500167,13500167, ,10636,0, , 
R14,144107813500434,13500434, ,25882,0, , 
RE6,144108813500443,13500443, ,2629,0, , 
S4,144110713500457,13500457, ,902760,0, , 
S3,144110913500459,13500459, ,900877,0, , 
XP1,144113013500476,13500476, ,900374,0, , 
R17,144113413500495,13500495, ,900160,0, , 
S6,144115613500514,13500514, ,24644,0, , 
RE80,144116313500521,13500521, ,25201,0, , 
RE6,144091913500260,13500260, ,2656,0, , 
RE6,144093113500270,13500270, ,2643,0, , 
RE2,144095713500293,13500293, ,2219,0, , 
R31,144096013500294,13500294, ,10021,0, , 
R1,144096413500315,13500315, ,10133,0, , 
S6,144097813500329,13500329, ,24651,0, , 
RE2,144099113500342,13500342, ,2228,0, , 
R2,144099313500344,13500344, ,22671,0, , 
S1,144102313500368,13500368, ,24140,0, , 
R2,144102913500377,13500377, ,22650,0, , 
RE6,144105713500404,13500404, ,2615,0, , 
R28,144106113500408,13500408, ,2929,0, , 
S11,143785813497624,13497624, ,25046,0, , 
S11,143785913497625,13497625, ,25054,0, , 
RE80,143787313497654,13497654, ,25200,0, , 
S11,143787913497658,13497658, ,25223,0, , 
S8,143788513497663,13497663, ,24858,0, , 
S11,143789113497666,13497666, ,25034,0, , 
S11,143790413497676,13497676, ,25075,0, , 
R27,143783113497574,13497574, ,900249,0, , 
R27,143781013497576,13497576, ,900222,0, , 
R27,143780913497578,13497578, ,902218,0, , 
R27,143781313497581,13497581, ,900232,0, , 
R27,143780413497592,13497592, ,901211,0, , 
RE11,143837613498114,13498114, ,2170,0, , 
S2,143837913498115,13498115, ,24268,0, , 
S2,143838113498116,13498116, ,24218,0, , 
S2,143839713498123,13498123, ,24254,0, , 
S2,143845613498135,13498135, ,24235,0, , 
R8,143848213498144,13498144, ,10840,0, , 
S11,143794913497717,13497717, ,25080,0, , 
S11,143795013497718,13497718, ,25076,0, , 
S11,143795313497721,13497721, ,25020,0, , 
S11,143795713497725,13497725, ,25052,0, , 
S11,143795813497726,13497726, ,25021,0, , 
S11,143797013497738,13497738, ,25037,0, , 
S11,143798113497758,13497758, ,25069,0, , 
S11,143798513497762,13497762, ,25068,0, , 
S11,143799013497767,13497767, ,25060,0, , 
R18,143800013497776,13497776, ,10432,0, , 
R40,143801513497790,13497790, ,10006,0, , 
S7,143802913497805,13497805, ,24724,0, , 
S7,143803013497806,13497806, ,24744,0, , 
S9,143803313497809,13497809, ,24915,0, , 
S8,143807513497836,13497836, ,24800,0, , 
S7,143809413497857,13497857, ,24740,0, , 
S7,143810813497869,13497869, ,24743,0, , 
S9,143812213497877,13497877, ,24918,0, , 
S9,143813213497883,13497883, ,24926,0, , 
S9,143814513497889,13497889, ,24956,0, , 
S7,143815113497894,13497894, ,24753,0, , 
S7,143817913497913,13497913, ,24721,0, , 
RE8,143821213497954,13497954, ,2825,0, , 
RE8,143821513497957,13497957, ,2818,0, , 
R14,143823313497981,13497981, ,25878,0, , 
R14,143823613497984,13497984, ,25859,0, , 
S8,143824213497990,13497990, ,24860,0, , 
S8,143826113498009,13498009, ,24876,0, , 
RE11,143828313498045,13498045, ,2162,0, , 
S6,143829113498050,13498050, ,24627,0, , 
S2,143829813498053,13498053, ,24259,0, , 
S5,143830113498055,13498055, ,24533,0, , 
RE11,143830413498058,13498058, ,2156,0, , 
S2,143830713498060,13498060, ,24258,0, , 
S2,143832013498075,13498075, ,24236,0, , 
S2,143832813498079,13498079, ,24229,0, , 
R13,143864813498287,13498287, ,10322,0, , 
R21,143866513498298,13498298, ,25306,0, , 
S30,143867013498299,13498299, ,25348,0, , 
S5,143868013498306,13498306, ,24549,0, , 
R21,143870513498322,13498322, ,25323,0, , 
S5,143872313498332,13498332, ,24564,0, , 
R21,143874713498341,13498341, ,25395,0, , 
S8,143877613498374,13498374, ,24837,0, , 
S50,143879813498394,13498394, ,25575,0, , 
S8,143880113498397,13498397, ,24863,0, , 
R34,143888513498452,13498452, ,10469,0, , 
R8,143849213498150,13498150, ,33457,0, , 
R38,143849313498151,13498151, ,10853,0, , 
R8,143849813498156,13498156, ,33460,0, , 
R8,143849913498157,13498157, ,33463,0, , 
R8,143850313498161,13498161, ,33461,0, , 
S6,143852213498176,13498176, ,24668,0, , 
R11,143852313498177,13498177, ,10156,0, , 
S6,143852513498179,13498179, ,24672,0, , 
R11,143855913498226,13498226, ,10157,0, , 
S6,143856013498227,13498227, ,24626,0, , 
R7,143856613498229,13498229, ,10737,0, , 
R11,143857213498234,13498234, ,10165,0, , 
S6,143858413498242,13498242, ,24667,0, , 
R11,143859613498252,13498252, ,10153,0, , 
R7,143860113498255,13498255, ,10743,0, , 
R11,143860513498258,13498258, ,10176,0, , 
RE11,143863013498277,13498277, ,2182,0, , 
R13,143863913498281,13498281, ,10328,0, , 
S4,143963413499081,13499081, ,900743,0, , 
R16,143964813499094,13499094, ,900652,0, , 
R16,143964913499095,13499095, ,900648,0, , 
S2,143967213499116,13499116, ,932657,0, , 
R3,143967913499123,13499123, ,912976,0, , 
RE1,143968913499133,13499133, ,900026,0, , 
RE2,143914213498621,13498621, ,2214,0, , 
R28,143916613498632,13498632, ,2916,0, , 
R28,143917013498634,13498634, ,2988,0, , 
XP1,143917613498640,13498640, ,900366,0, , 
XP1,143917913498643,13498643, ,900394,0, , 
XP1,143918113498645,13498645, ,900351,0, , 
XP1,143918613498650,13498650, ,900360,0, , 
XP1,143919513498659,13498659, ,900386,0, , 
XP1,143919713498661,13498661, ,900367,0, , 
S50,143922413498687,13498687, ,928338,0, , 
S50,143923513498702,13498702, ,928346,0, , 
S50,143923913498706,13498706, ,928309,0, , 
S50,143925113498718,13498718, ,25567,0, , 
S50,143925213498719,13498719, ,25584,0, , 
S50,143925513498722,13498722, ,25564,0, , 
R16,143933313498790,13498790, ,901614,0, , 
R3,143933813498795,13498795, ,901964,0, , 
RE1,143934013498797,13498797, ,900061,0, , 
S2,143935413498811,13498811, ,932675,0, , 
R28,143935913498816,13498816, ,910310,0, , 
R3,143936513498822,13498822, ,901910,0, , 
R17,143936913498826,13498826, ,901139,0, , 
R28,143938013498836,13498836, ,910318,0, , 
S2,143940313498857,13498857, ,932656,0, , 
R22,143940813498861,13498861, ,912075,0, , 
S4,143941013498863,13498863, ,900783,0, , 
S9,143945213498897,13498897, ,931480,0, , 
R16,143945913498904,13498904, ,902683,0, , 
R22,143947313498916,13498916, ,910032,0, , 
S50,143948413498944,13498944, ,928385,0, , 
R22,143949113498951,13498951, ,911044,0, , 
XP2,143949913498959,13498959, ,910334,0, , 
RE1,143951213498972,13498972, ,900067,0, , 
R22,143952113498980,13498980, ,900036,0, , 
S9,143952313498981,13498981, ,931437,0, , 
R3,143953213498989,13498989, ,901969,0, , 
S3,143953513498991,13498991, ,900888,0, , 
XP2,143953813498994,13498994, ,910354,0, , 
XP1,143955013499004,13499004, ,900314,0, , 
S2,143956113499014,13499014, ,932655,0, , 
R17,143956213499015,13499015, ,900140,0, , 
S2,143958413499036,13499036, ,932654,0, , 
S4,143960013499051,13499051, ,910610,0, , 
R16,143960713499058,13499058, ,900624,0, , 
S4,143961013499061,13499061, ,902772,0, , 
S2,143961313499063,13499063, ,932637,0, , 
S4,143987113499296,13499296, ,900739,0, , 
S3,143987713499302,13499302, ,900862,0, , 
R3,143988513499309,13499309, ,910915,0, , 
R17,143990213499324,13499324, ,902118,0, , 
S2,143990613499327,13499327, ,932674,0, , 
S2,143991113499332,13499332, ,932665,0, , 
R22,143992113499342,13499342, ,910010,0, , 
R3,143992913499350,13499350, ,912932,0, , 
R41,144026513499644,13499644, ,10973,0, , 
S40,144026713499646,13499646, ,25472,0, , 
S40,144029013499667,13499667, ,25478,0, , 
R23,144029613499672,13499672, ,10218,0, , 
R6,144030213499674,13499674, ,10607,0, , 
S1,144030313499675,13499675, ,24162,0, , 
RE2,144032113499692,13499692, ,2271,0, , 
S6,144032313499694,13499694, ,24637,0, , 
RE2,144033213499701,13499701, ,2278,0, , 
R23,144034213499708,13499708, ,10226,0, , 
R16,143993813499358,13499358, ,900628,0, , 
R28,143994813499368,13499368, ,910387,0, , 
R28,143994913499369,13499369, ,910316,0, , 
S3,143995513499375,13499375, ,900836,0, , 
R22,143996113499380,13499380, ,901011,0, , 
R16,143997213499390,13499390, ,900647,0, , 
S9,144000213499416,13499416, ,931468,0, , 
S9,144001213499426,13499426, ,931460,0, , 
S2,144001413499428,13499428, ,932613,0, , 
S5,144011813499514,13499514, ,24572,0, , 
R5,144012613499522,13499522, ,10523,0, , 
R5,144012913499525,13499525, ,10534,0, , 
S50,144013513499531,13499531, ,25586,0, , 
R36,144014413499540,13499540, ,10679,0, , 
S1,144014513499541,13499541, ,24170,0, , 
RE6,144019313499580,13499580, ,2639,0, , 
R23,144019513499582,13499582, ,10245,0, , 
R2,144020713499593,13499593, ,22639,0, , 
R4,144021013499596,13499596, ,10933,0, , 
S1,144022613499609,13499609, ,24148,0, , 
RE4,144022813499611,13499611, ,2411,0, , 
S5,144024113499623,13499623, ,24515,0, , 
R6,144025613499637,13499637, ,10621,0, , 
R17,143970713499148,13499148, ,902156,0, , 
S50,143972613499166,13499166, ,928361,0, , 
XP1,143972913499169,13499169, ,900387,0, , 
S2,143973213499171,13499171, ,932646,0, , 
XP2,143973413499173,13499173, ,910368,0, , 
R22,143973613499175,13499175, ,901039,0, , 
R3,143974313499182,13499182, ,901915,0, , 
S9,143974413499183,13499183, ,931445,0, , 
S4,143974913499187,13499187, ,902724,0, , 
R16,143975313499191,13499191, ,900668,0, , 
S4,143976713499204,13499204, ,902784,0, , 
R28,143978113499214,13499214, ,910380,0, , 
R16,143978413499217,13499217, ,900669,0, , 
R16,143979913499231,13499231, ,901673,0, , 
S3,143980313499235,13499235, ,900832,0, , 
XP1,143980513499237,13499237, ,900365,0, , 
R22,143981113499242,13499242, ,911054,0, , 
S3,143983713499264,13499264, ,900833,0, , 
RE7,143984213499268,13499268, ,900125,0, , 
S5,144084213500180,13500180, ,24541,0, , 
S6,144085513500192,13500192, ,24650,0, , 
S5,144086213500198,13500198, ,24517,0, , 
R1,144086813500216,13500216, ,10129,0, , 
S5,144087413500222,13500222, ,24551,0, , 
R38,144087813500226,13500226, ,10876,0, , 
S50,144089813500242,13500242, ,25582,0, , 
R31,144090613500250,13500250, ,10022,0, , 
S5,144035513499719,13499719, ,24518,0, , 
R37,144035913499721,13499721, ,10774,0, , 
R38,144037913499739,13499739, ,10897,0, , 
S1,144039213499750,13499750, ,24127,0, , 
R5,144040013499758,13499758, ,10527,0, , 
R6,144040113499759,13499759, ,10649,0, , 
S6,144043613499790,13499790, ,24641,0, , 
R2,144044313499797,13499797, ,22630,0, , 
R28,144048813499837,13499837, ,2956,0, , 
R2,144050113499848,13499848, ,22660,0, , 
R37,144051613499861,13499861, ,10779,0, , 
R38,144055113499893,13499893, ,10868,0, , 
R31,144056713499908,13499908, ,10041,0, , 
S1,144057613499917,13499917, ,24133,0, , 
R5,144059313499929,13499929, ,10526,0, , 
R36,144061913499954,13499954, ,10676,0, , 
R1,144062013499955,13499955, ,10140,0, , 
S50,144066413499990,13499990, ,25591,0, , 
S1,144069013500016,13500016, ,24167,0, , 
R40,144070213500028,13500028, ,10008,0, , 
XP2,144070813500034,13500034, ,2926,0, , 
XP2,144072513500048,13500048, ,2947,0, , 
R2,144072913500051,13500051, ,22643,0, , 
S5,144073213500054,13500054, ,24571,0, , 
R4,144073513500056,13500056, ,10917,0, , 
R1,144074113500094,13500094, ,10112,0, , 
R38,144075213500103,13500103, ,10878,0, , 
S7,144075413500105,13500105, ,24722,0, , 
R28,144076313500112,13500112, ,2928,0, , 
R37,144077113500120,13500120, ,10755,0, , 
S40,144079013500136,13500136, ,25454,0, , 
R5,144079513500139,13500139, ,10532,0, , 
S5,144080313500147,13500147, ,24522,0, , 
R2,144080413500148,13500148, ,22665,0, , 
S40,144080613500150,13500150, ,25434,0, , 
R1,144080713500151,13500151, ,10120,0, , 
R14,144080913500153,13500153, ,25869,0, , 
S1,144083213500173,13500173, ,24150,0, , 
RE6,144108013500436,13500436, ,2627,0, , 
S40,144108713500442,13500442, ,25470,0, , 
XP1,144110613500456,13500456, ,900380,0, , 
S3,144110813500458,13500458, ,900875,0, , 
S10,144114113500501,13500501, ,25186,0, , 
RE2,144115313500511,13500511, ,2225,0, , 
S2,144115513500513,13500513, ,24257,0, , 
RE8,144115713500515,13500515, ,2843,0, , 
S8,144115913500517,13500517, ,24845,0, , 
S9,144116413500522,13500522, ,24927,0, , 
S7,144116513500523,13500523, ,24749,0, , 
R5,144093313500272,13500272, ,10541,0, , 
S6,144096813500319,13500319, ,24656,0, , 
R2,144100413500353,13500353, ,22647,0, , 
R37,144101713500363,13500363, ,10758,0, , 
R31,144103213500380,13500380, ,10071,0, , 
S1,144104013500388,13500388, ,24176,0, , 
S40,144104413500392,13500392, ,25480,0, , 
S50,144105313500400,13500400, ,25581,0, , 
R28,144106413500411,13500411, ,2949,0, , 
S40,144107013500416,13500416, ,25408,0, , 
R6,144107613500421,13500421, ,10634,0, , 
S11,143786113497627,13497627, ,25263,0, , 
S11,143787013497632,13497632, ,25225,0, , 
S11,143788313497661,13497661, ,25229,0, , 
S8,143789213497667,13497667, ,24831,0, , 
S11,143789313497668,13497668, ,25221,0, , 
S11,143789713497672,13497672, ,25083,0, , 
RE8,143790813497680,13497680, ,2813,0, , 
RE8,143791013497682,13497682, ,2874,0, , 
R27,143782513497577,13497577, ,900217,0, , 
R27,143782413497588,13497588, ,900280,0, , 
R27,143782213497598,13497598, ,900270,0, , 
S2,143838213498117,13498117, ,24251,0, , 
RE2,143838613498119,13498119, ,2220,0, , 
R8,143847813498140,13498140, ,10844,0, , 
RE8,143791313497685,13497685, ,2895,0, , 
S8,143791413497686,13497686, ,24885,0, , 
S10,143792213497692,13497692, ,25155,0, , 
RE80,143792713497697,13497697, ,25533,0, , 
RE80,143793213497702,13497702, ,25531,0, , 
S11,143797113497739,13497739, ,25028,0, , 
S11,143797513497743,13497743, ,25024,0, , 
RE80,143797913497756,13497756, ,25517,0, , 
S11,143798613497763,13497763, ,25041,0, , 
R18,143802113497799,13497799, ,10427,0, , 
R18,143802213497800,13497800, ,10434,0, , 
S7,143805513497822,13497822, ,24733,0, , 
S9,143807613497837,13497837, ,24939,0, , 
S9,143809113497855,13497855, ,24948,0, , 
S9,143809313497856,13497856, ,24965,0, , 
S9,143811413497873,13497873, ,24957,0, , 
S9,143812913497881,13497881, ,24925,0, , 
S9,143813013497882,13497882, ,24932,0, , 
S7,143815213497895,13497895, ,24732,0, , 
S9,143816613497902,13497902, ,24931,0, , 
S7,143818413497934,13497934, ,24741,0, , 
S9,143819613497939,13497939, ,24979,0, , 
R14,143820613497948,13497948, ,25866,0, , 
R14,143821113497953,13497953, ,25858,0, , 
R14,143821413497956,13497956, ,25863,0, , 
RE8,143822413497965,13497965, ,2840,0, , 
R14,143822913497977,13497977, ,25818,0, , 
S8,143823213497980,13497980, ,24872,0, , 
R14,143823513497983,13497983, ,25834,0, , 
S11,143823713497985,13497985, ,25088,0, , 
S8,143823813497986,13497986, ,24836,0, , 
R14,143824713497995,13497995, ,25886,0, , 
RE8,143825313498001,13498001, ,2817,0, , 
R14,143826713498015,13498015, ,25839,0, , 
R14,143826813498016,13498016, ,25871,0, , 
S8,143826913498017,13498017, ,24853,0, , 
R14,143827013498018,13498018, ,25883,0, , 
R14,143827213498035,13498035, ,25843,0, , 
RE8,143827513498038,13498038, ,2835,0, , 
S2,143831013498061,13498061, ,24225,0, , 
S2,143831513498065,13498065, ,24242,0, , 
S6,143832213498076,13498076, ,24630,0, , 
S2,143832413498077,13498077, ,24243,0, , 
S2,143832513498078,13498078, ,24221,0, , 
S6,143834113498088,13498088, ,24640,0, , 
S2,143834613498093,13498093, ,24253,0, , 
RE6,143834813498094,13498094, ,2625,0, , 
S5,143835313498098,13498098, ,24536,0, , 
S2,143835613498101,13498101, ,24230,0, , 
R21,143866313498296,13498296, ,25346,0, , 
R21,143867413498303,13498303, ,25338,0, , 
S50,143867513498304,13498304, ,25576,0, , 
S5,143871613498328,13498328, ,24544,0, , 
S5,143871813498329,13498329, ,24521,0, , 
S5,143872213498331,13498331, ,24577,0, , 
S8,143876413498345,13498345, ,24866,0, , 
S8,143876613498347,13498347, ,24846,0, , 
S10,143877113498352,13498352, ,25184,0, , 
S10,143878213498380,13498380, ,25164,0, , 
S10,143879213498389,13498389, ,25178,0, , 
S8,143880313498399,13498399, ,24842,0, , 
R34,143882013498410,13498410, ,10454,0, , 
R34,143882613498415,13498415, ,10478,0, , 
R11,143854113498188,13498188, ,10172,0, , 
RE8,143855113498220,13498220, ,2828,0, , 
S6,143856313498228,13498228, ,24659,0, , 
RE6,143857513498235,13498235, ,2677,0, , 
R7,143857813498237,13498237, ,10739,0, , 
R7,143858513498243,13498243, ,10724,0, , 
S6,143858713498245,13498245, ,24624,0, , 
R7,143861013498262,13498262, ,10734,0, , 
R7,143861513498266,13498266, ,10729,0, , 
S6,143862813498275,13498275, ,24657,0, , 
R22,143964613499093,13499093, ,900023,0, , 
S2,143965313499099,13499099, ,932682,0, , 
RE3,143965713499102,13499102, ,900951,0, , 
R4,143914113498620,13498620, ,10915,0, , 
R6,143914413498623,13498623, ,10648,0, , 
R6,143914613498624,13498624, ,10606,0, , 
R3,143915613498628,13498628, ,900933,0, , 
XP1,143917513498639,13498639, ,900375,0, , 
XP1,143920413498668,13498668, ,900352,0, , 
XP1,143921013498674,13498674, ,900378,0, , 
R28,143921813498682,13498682, ,2974,0, , 
R28,143922213498685,13498685, ,2966,0, , 
S50,143922813498695,13498695, ,928329,0, , 
S50,143924613498713,13498713, ,25568,0, , 
S50,143924813498715,13498715, ,25579,0, , 
R22,143934413498801,13498801, ,912063,0, , 
RE3,143934713498804,13498804, ,900934,0, , 
R17,143935013498807,13498807, ,902121,0, , 
S4,143936013498817,13498817, ,900723,0, , 
R17,143936713498824,13498824, ,900180,0, , 
S2,143937213498829,13498829, ,932626,0, , 
S4,143937613498832,13498832, ,902762,0, , 
S3,143937813498834,13498834, ,900806,0, , 
R3,143938813498842,13498842, ,912941,0, , 
S3,143939013498844,13498844, ,900865,0, , 
S4,143939813498852,13498852, ,902754,0, , 
R28,143940013498854,13498854, ,910370,0, , 
R3,143941413498866,13498866, ,912973,0, , 
R16,143941813498870,13498870, ,901626,0, , 
S4,143941913498871,13498871, ,902778,0, , 
S3,143943513498883,13498883, ,900813,0, , 
R16,143947613498936,13498936, ,900676,0, , 
S4,143948913498949,13498949, ,900747,0, , 
S4,143950513498965,13498965, ,902748,0, , 
S9,143953313498990,13498990, ,931462,0, , 
R28,143954113498997,13498997, ,910361,0, , 
R28,143955813499012,13499012, ,910349,0, , 
XP1,143957713499029,13499029, ,900327,0, , 
RE3,143957913499031,13499031, ,901917,0, , 
S4,143958013499032,13499032, ,900791,0, , 
XP1,143959913499050,13499050, ,900338,0, , 
S50,143960513499056,13499056, ,928375,0, , 
RE1,143985913499285,13499285, ,900075,0, , 
S3,143986413499289,13499289, ,900869,0, , 
R22,143986513499290,13499290, ,911043,0, , 
R16,143988113499306,13499306, ,900612,0, , 
R16,143989213499315,13499315, ,900643,0, , 
S4,143989313499316,13499316, ,900745,0, , 
S3,143989913499321,13499321, ,900846,0, , 
R22,143991213499333,13499333, ,900031,0, , 
R25,144027813499656,13499656, ,11263,0, , 
R6,144028213499660,13499660, ,10622,0, , 
R31,144030613499678,13499678, ,10062,0, , 
S1,144031413499686,13499686, ,24111,0, , 
R14,144033913499706,13499706, ,25824,0, , 
S4,143993913499359,13499359, ,902752,0, , 
S2,143995013499370,13499370, ,932616,0, , 
S50,143996713499385,13499385, ,928313,0, , 
S3,143997713499395,13499395, ,900857,0, , 
R22,143998713499403,13499403, ,900054,0, , 
S4,143998813499404,13499404, ,901709,0, , 
R22,143999013499406,13499406, ,912057,0, , 
R16,143999913499413,13499413, ,911689,0, , 
S2,144001613499430,13499430, ,932630,0, , 
R22,144003013499437,13499437, ,910089,0, , 
R17,144003913499444,13499444, ,900135,0, , 
R6,144012313499519,13499519, ,10616,0, , 
XP2,144013913499535,13499535, ,2959,0, , 
S5,144014013499536,13499536, ,24510,0, , 
R4,144015213499545,13499545, ,10943,0, , 
R5,144018213499570,13499570, ,10524,0, , 
S6,144020013499586,13499586, ,24632,0, , 
S5,144020513499591,13499591, ,24568,0, , 
R1,144021113499597,13499597, ,10114,0, , 
R28,144021513499601,13499601, ,2941,0, , 
RE2,144021813499603,13499603, ,2216,0, , 
RE2,144022713499610,13499610, ,2242,0, , 
S5,144023513499617,13499617, ,24550,0, , 
RE5,144023813499620,13499620, ,2528,0, , 
R36,144023913499621,13499621, ,10663,0, , 
R36,144024613499627,13499627, ,10681,0, , 
R23,144024813499629,13499629, ,10238,0, , 
R28,144026313499643,13499643, ,2917,0, , 
R17,143970513499146,13499146, ,902153,0, , 
R28,143971313499153,13499153, ,910365,0, , 
S9,143973813499177,13499177, ,931434,0, , 
S9,143975013499188,13499188, ,931472,0, , 
S2,143976813499205,13499205, ,932651,0, , 
R3,143977313499209,13499209, ,912953,0, , 
XP1,143977513499211,13499211, ,900326,0, , 
S4,143978313499216,13499216, ,902720,0, , 
S9,143981013499241,13499241, ,931431,0, , 
R3,143981813499247,13499247, ,910909,0, , 
R28,143982013499249,13499249, ,910381,0, , 
XP1,143982413499251,13499251, ,900346,0, , 
S4,143984613499272,13499272, ,902716,0, , 
R17,143984813499274,13499274, ,900168,0, , 
S3,143984913499275,13499275, ,900822,0, , 
R17,143985413499280,13499280, ,900187,0, , 
R4,144083313500174,13500174, ,10934,0, , 
R28,144084713500184,13500184, ,2932,0, , 
R2,144085113500188,13500188, ,22666,0, , 
R31,144086013500196,13500196, ,10080,0, , 
RE5,144087913500227,13500227, ,2581,0, , 
R31,144089613500240,13500240, ,10016,0, , 
XP2,144035813499720,13499720, ,2958,0, , 
R2,144038013499740,13499740, ,22663,0, , 
RE2,144039113499749,13499749, ,2255,0, , 
RE5,144039613499754,13499754, ,2527,0, , 
R31,144039813499756,13499756, ,10069,0, , 
R6,144041513499771,13499771, ,10638,0, , 
S1,144041813499773,13499773, ,24146,0, , 
S1,144042613499780,13499780, ,24131,0, , 
XP2,144043113499785,13499785, ,2954,0, , 
R35,144043313499787,13499787, ,10585,0, , 
R1,144043413499788,13499788, ,10118,0, , 
R2,144043513499789,13499789, ,22670,0, , 
R4,144044213499796,13499796, ,10914,0, , 
R5,144044613499800,13499800, ,10535,0, , 
S5,144045213499806,13499806, ,24570,0, , 
R31,144045413499808,13499808, ,10037,0, , 
R1,144045513499809,13499809, ,10134,0, , 
RE4,144049613499844,13499844, ,2434,0, , 
RE4,144049913499846,13499846, ,2439,0, , 
S40,144050013499847,13499847, ,25420,0, , 
RE5,144050213499849,13499849, ,2521,0, , 
RE2,144052613499870,13499870, ,2236,0, , 
RE2,144053513499878,13499878, ,2276,0, , 
S7,144054013499882,13499882, ,24719,0, , 
R37,144054413499886,13499886, ,10777,0, , 
R31,144055213499894,13499894, ,10026,0, , 
S1,144055413499896,13499896, ,24163,0, , 
R23,144056413499906,13499906, ,10246,0, , 
R25,144057013499911,13499911, ,11250,0, , 
R5,144059713499933,13499933, ,10528,0, , 
S1,144060213499938,13499938, ,24120,0, , 
R2,144060813499944,13499944, ,22648,0, , 
S40,144060913499945,13499945, ,25466,0, , 
S5,144064113499971,13499971, ,24512,0, , 
S6,144064713499977,13499977, ,24614,0, , 
S6,144067313499999,13499999, ,24654,0, , 
R31,144067513500001,13500001, ,10020,0, , 
R4,144068013500006,13500006, ,10904,0, , 
R4,144068513500011,13500011, ,10935,0, , 
R37,144070413500030,13500030, ,10769,0, , 
R6,144071413500038,13500038, ,10624,0, , 
S2,144074813500100,13500100, ,24274,0, , 
S1,144076413500113,13500113, ,24177,0, , 
R35,144076813500117,13500117, ,10580,0, , 
RE5,144078213500129,13500129, ,2553,0, , 
S40,144080213500146,13500146, ,25424,0, , 
R5,144083013500171,13500171, ,10539,0, , 
R6,144107913500435,13500435, ,10605,0, , 
RE5,144108113500437,13500437, ,2565,0, , 
R36,144109013500445,13500445, ,10669,0, , 
R37,144109113500446,13500446, ,10756,0, , 
S2,144110113500452,13500452, ,932650,0, , 
S50,144111813500465,13500465, ,928342,0, , 
XP2,144111913500466,13500466, ,910382,0, , 
R3,144112313500469,13500469, ,901919,0, , 
S4,144113513500496,13500496, ,902732,0, , 
R14,144116013500518,13500518, ,25847,0, , 
R25,144092113500262,13500262, ,11252,0, , 
R38,144092313500264,13500264, ,10880,0, , 
RE4,144092413500265,13500265, ,2427,0, , 
R36,144092713500267,13500267, ,10690,0, , 
R31,144092913500268,13500268, ,10029,0, , 
R5,144094913500286,13500286, ,10512,0, , 
RE11,144096113500295,13500295, ,2185,0, , 
S1,144096713500318,13500318, ,24128,0, , 
RE6,144097913500330,13500330, ,2632,0, , 
R1,144099013500341,13500341, ,10107,0, , 
R38,144099913500349,13500349, ,10858,0, , 
S8,144100013500350,13500350, ,24874,0, , 
XP2,144101213500359,13500359, ,2930,0, , 
S7,144102013500366,13500366, ,24717,0, , 
RE5,144102413500369,13500369, ,2516,0, , 
R35,144102513500374,13500374, ,10582,0, , 
R36,144103013500378,13500378, ,10667,0, , 
R38,144103613500384,13500384, ,10872,0, , 
S10,144103713500385,13500385, ,25158,0, , 
R35,144104113500389,13500389, ,10568,0, , 
S6,144104313500391,13500391, ,24681,0, , 
S50,144105213500399,13500399, ,25573,0, , 
RE5,144105413500401,13500401, ,2569,0, , 
RE6,144105613500403,13500403, ,2606,0, , 
RE6,144105813500405,13500405, ,2640,0, , 
XP2,144106213500409,13500409, ,2935,0, , 
R27,143783213497605,13497605, ,900255,0, , 
R27,143781913497606,13497606, ,900254,0, , 
R27,143781513497607,13497607, ,900240,0, , 
RE80,143784513497612,13497612, ,25536,0, , 
S11,143785513497621,13497621, ,25047,0, , 
S11,143786513497630,13497630, ,25038,0, , 
S11,143786613497631,13497631, ,25058,0, , 
S11,143787113497633,13497633, ,25269,0, , 
S11,143787813497657,13497657, ,25267,0, , 
S11,143789613497671,13497671, ,25031,0, , 
S8,143790213497674,13497674, ,24867,0, , 
R27,143783313497583,13497583, ,900259,0, , 
R27,143782813497584,13497584, ,900231,0, , 
R27,143781613497587,13497587, ,900244,0, , 
R27,143782713497590,13497590, ,900229,0, , 
S2,143837113498112,13498112, ,24248,0, , 
S2,143838913498120,13498120, ,24227,0, , 
S6,143839013498121,13498121, ,24634,0, , 
S2,143845413498134,13498134, ,24223,0, , 
R8,143847413498136,13498136, ,10807,0, , 
R8,143847913498141,13498141, ,10830,0, , 
RE8,143791613497688,13497688, ,2857,0, , 
S10,143792313497693,13497693, ,25154,0, , 
RE80,143792613497696,13497696, ,25527,0, , 
RE80,143792913497699,13497699, ,25510,0, , 
S6,143794113497714,13497714, ,24685,0, , 
S11,143795213497720,13497720, ,25036,0, , 
RE80,143795513497723,13497723, ,25528,0, , 
RE80,143796113497729,13497729, ,25525,0, , 
S11,143796413497732,13497732, ,25065,0, , 
S11,143796913497737,13497737, ,25045,0, , 
S11,143797213497740,13497740, ,25049,0, , 
RE80,143797313497741,13497741, ,25526,0, , 
S11,143799413497771,13497771, ,25077,0, , 
RE80,143799513497772,13497772, ,25521,0, , 
R18,143800113497777,13497777, ,10431,0, , 
R18,143800313497779,13497779, ,10441,0, , 
S40,143801213497787,13497787, ,25406,0, , 
S11,143801313497788,13497788, ,25018,0, , 
S9,143804713497817,13497817, ,24944,0, , 
S9,143805713497824,13497824, ,24968,0, , 
S9,143806213497828,13497828, ,24976,0, , 
S7,143806913497832,13497832, ,24748,0, , 
S9,143807313497834,13497834, ,24984,0, , 
S9,143807913497839,13497839, ,24961,0, , 
S9,143808213497840,13497840, ,24974,0, , 
S9,143808413497842,13497842, ,24937,0, , 
S7,143810613497867,13497867, ,24715,0, , 
S7,143811013497871,13497871, ,24763,0, , 
S7,143811313497872,13497872, ,24729,0, , 
S9,143812513497880,13497880, ,24919,0, , 
S9,143815013497893,13497893, ,24950,0, , 
S9,143816313497900,13497900, ,24967,0, , 
S7,143816813497903,13497903, ,24767,0, , 
RE8,143820713497949,13497949, ,2812,0, , 
S8,143820813497950,13497950, ,24825,0, , 
S8,143821013497952,13497952, ,24833,0, , 
R14,143822113497962,13497962, ,25819,0, , 
RE8,143822213497963,13497963, ,2841,0, , 
R14,143822813497976,13497976, ,25870,0, , 
R14,143824113497989,13497989, ,25838,0, , 
S8,143825113497999,13497999, ,24817,0, , 
RE8,143827113498034,13498034, ,2824,0, , 
S2,143828813498049,13498049, ,24234,0, , 
S2,143830313498057,13498057, ,24255,0, , 
S2,143833313498082,13498082, ,24267,0, , 
S5,143834313498090,13498090, ,24529,0, , 
S2,143836113498106,13498106, ,24261,0, , 
RE6,143837013498111,13498111, ,2620,0, , 
R13,143865913498294,13498294, ,10317,0, , 
S5,143868213498314,13498314, ,24565,0, , 
R21,143871213498326,13498326, ,25342,0, , 
S30,143871913498330,13498330, ,25344,0, , 
R38,143911813498608,13498608, ,10886,0, , 
RE6,143912713498612,13498612, ,2646,0, , 
R13,143913113498615,13498615, ,10308,0, , 
R13,143873013498336,13498336, ,10316,0, , 
R13,143873413498337,13498337, ,10327,0, , 
S8,143877413498355,13498355, ,24816,0, , 
S8,143877813498376,13498376, ,24854,0, , 
S8,143877913498377,13498377, ,24855,0, , 
S8,143879013498387,13498387, ,24883,0, , 
S10,143879613498392,13498392, ,25162,0, , 
S8,143880613498402,13498402, ,24879,0, , 
R4,143881813498408,13498408, ,10901,0, , 
R34,143881913498409,13498409, ,10456,0, , 
R34,143884113498422,13498422, ,10466,0, , 
S5,143886013498440,13498440, ,24578,0, , 
R34,143886513498442,13498442, ,10458,0, , 
R8,143850113498159,13498159, ,33468,0, , 
R8,143851013498167,13498167, ,33465,0, , 
S6,143853913498187,13498187, ,24628,0, , 
R7,143855413498222,13498222, ,10723,0, , 
R7,143858313498241,13498241, ,10741,0, , 
R7,143858613498244,13498244, ,10738,0, , 
R7,143860613498259,13498259, ,10718,0, , 
S6,143861213498263,13498263, ,24622,0, , 
S6,143862113498269,13498269, ,24669,0, , 
R11,143862513498273,13498273, ,10163,0, , 
R13,143864013498282,13498282, ,10338,0, , 
R22,143962413499072,13499072, ,912026,0, , 
R17,143962513499073,13499073, ,901174,0, , 
R17,143962813499075,13499075, ,900136,0, , 
S3,143963213499079,13499079, ,900866,0, , 
R22,143965013499096,13499096, ,912018,0, , 
XP1,143966913499113,13499113, ,900321,0, , 
S4,143967013499114,13499114, ,900711,0, , 
R3,143967413499118,13499118, ,901950,0, , 
R17,143967813499122,13499122, ,901163,0, , 
S3,143968213499126,13499126, ,900827,0, , 
R22,143968413499128,13499128, ,900040,0, , 
R28,143969013499134,13499134, ,910377,0, , 
S9,143969113499135,13499135, ,931442,0, , 
R6,143914313498622,13498622, ,10600,0, , 
XP1,143917213498636,13498636, ,900333,0, , 
S50,143923213498699,13498699, ,928367,0, , 
S50,143923613498703,13498703, ,928382,0, , 
S50,143933913498796,13498796, ,928358,0, , 
XP2,143934113498798,13498798, ,910350,0, , 
R28,143934313498800,13498800, ,910339,0, , 
S4,143934513498802,13498802, ,902780,0, , 
XP1,143934813498805,13498805, ,900315,0, , 
S3,143937113498828,13498828, ,900818,0, , 
R3,143939213498846,13498846, ,901952,0, , 
S2,143942013498872,13498872, ,932638,0, , 
R28,143942213498874,13498874, ,910375,0, , 
R16,143942613498878,13498878, ,901645,0, , 
R16,143944013498888,13498888, ,900618,0, , 
R22,143944213498890,13498890, ,900041,0, , 
R22,143944413498891,13498891, ,912085,0, , 
S3,143944713498892,13498892, ,900889,0, , 
S4,143946713498911,13498911, ,902768,0, , 
XP1,143947913498939,13498939, ,900357,0, , 
S9,143949513498955,13498955, ,931452,0, , 
S2,143951113498971,13498971, ,932672,0, , 
R16,143951413498973,13498973, ,900636,0, , 
RE1,143952813498985,13498985, ,902077,0, , 
RE1,143954013498996,13498996, ,900047,0, , 
R17,143954213498998,13498998, ,901144,0, , 
S3,143955113499005,13499005, ,900837,0, , 
R22,143955713499011,13499011, ,900046,0, , 
S4,143956313499016,13499016, ,900769,0, , 
S4,143956413499017,13499017, ,902734,0, , 
R28,143957413499027,13499027, ,910331,0, , 
S9,143958813499040,13499040, ,931454,0, , 
XP2,143958913499041,13499041, ,910347,0, , 
S9,143959513499047,13499047, ,931438,0, , 
R16,143959613499048,13499048, ,901617,0, , 
S9,143960413499055,13499055, ,931477,0, , 
R17,143960913499060,13499060, ,902152,0, , 
S4,143986213499288,13499288, ,900793,0, , 
XP1,143986813499293,13499293, ,900334,0, , 
S2,143986913499294,13499294, ,932660,0, , 
R22,143988713499311,13499311, ,910015,0, , 
R17,143989013499313,13499313, ,900155,0, , 
RE3,143990913499330,13499330, ,900939,0, , 
S3,143993213499353,13499353, ,900814,0, , 
RE5,144026913499648,13499648, ,2540,0, , 
S5,144027313499651,13499651, ,24559,0, , 
RE2,144029513499671,13499671, ,2280,0, , 
R4,144033013499699,13499699, ,10928,0, , 
S2,144033813499705,13499705, ,24240,0, , 
S3,143994013499360,13499360, ,900850,0, , 
R16,143995413499374,13499374, ,902679,0, , 
R22,143996813499386,13499386, ,911081,0, , 
S2,143997013499388,13499388, ,932668,0, , 
R28,143998313499399,13499399, ,910371,0, , 
R17,143998913499405,13499405, ,900146,0, , 
R28,144002613499434,13499434, ,910352,0, , 
R17,144003713499443,13499443, ,900191,0, , 
S6,144014113499537,13499537, ,24658,0, , 
R1,144015813499550,13499550, ,10145,0, , 
S40,144016413499556,13499556, ,25462,0, , 
S1,144016513499557,13499557, ,24117,0, , 
S6,144017013499561,13499561, ,24648,0, , 
RE2,144019213499579,13499579, ,2273,0, , 
R31,144019913499585,13499585, ,10094,0, , 
R31,144023613499618,13499618, ,10030,0, , 
S4,143971113499151,13499151, ,900729,0, , 
XP2,143972113499161,13499161, ,910329,0, , 
R3,143972413499164,13499164, ,912919,0, , 
S3,143973313499172,13499172, ,900815,0, , 
S3,143973513499174,13499174, ,900868,0, , 
R16,143974213499181,13499181, ,901613,0, , 
S3,143976113499199,13499199, ,900848,0, , 
R22,143979513499228,13499228, ,901048,0, , 
S3,143980713499239,13499239, ,900861,0, , 
S9,143982113499250,13499250, ,931423,0, , 
XP1,143982613499253,13499253, ,900391,0, , 
S4,143982813499255,13499255, ,902728,0, , 
S3,143982913499256,13499256, ,900823,0, , 
XP1,143985713499283,13499283, ,900349,0, , 
R1,144083413500175,13500175, ,10139,0, , 
S5,144084913500186,13500186, ,24554,0, , 
R4,144086713500215,13500215, ,10916,0, , 
S1,144087013500218,13500218, ,24178,0, , 
RE6,144089313500239,13500239, ,2637,0, , 
XP2,144090413500248,13500248, ,2922,0, , 
RE4,144035013499714,13499714, ,2416,0, , 
RE2,144035213499716,13499716, ,2234,0, , 
R6,144036113499723,13499723, ,10627,0, , 
RE5,144036213499724,13499724, ,2529,0, , 
R1,144036613499728,13499728, ,10130,0, , 
R36,144037813499738,13499738, ,10683,0, , 
RE2,144039413499752,13499752, ,2243,0, , 
S1,144039513499753,13499753, ,24172,0, , 
R37,144047013499823,13499823, ,10771,0, , 
R23,144047213499824,13499824, ,10213,0, , 
R35,144049513499843,13499843, ,10578,0, , 
R5,144050513499852,13499852, ,10540,0, , 
R28,144051213499858,13499858, ,2984,0, , 
R1,144053113499875,13499875, ,10126,0, , 
R36,144055313499895,13499895, ,10668,0, , 
S1,144056113499903,13499903, ,24168,0, , 
R35,144057113499912,13499912, ,10588,0, , 
R31,144058113499921,13499921, ,10089,0, , 
R28,144058613499924,13499924, ,2977,0, , 
R37,144060513499941,13499941, ,10783,0, , 
R6,144061313499948,13499948, ,10628,0, , 
R1,144061413499949,13499949, ,10143,0, , 
R31,144062213499956,13499956, ,10081,0, , 
RE5,144062313499957,13499957, ,2545,0, , 
S50,144062513499959,13499959, ,25566,0, , 
R39,144063413499965,13499965, ,10791,0, , 
RE6,144065813499985,13499985, ,2619,0, , 
R1,144067713500003,13500003, ,10102,0, , 
S1,144068113500007,13500007, ,24115,0, , 
RE6,144068613500012,13500012, ,2635,0, , 
R35,144068813500014,13500014, ,10577,0, , 
RE11,144069313500019,13500019, ,2173,0, , 
R28,144069413500020,13500020, ,2952,0, , 
R31,144069613500022,13500022, ,10096,0, , 
S1,144070613500032,13500032, ,24159,0, , 
S1,144071013500035,13500035, ,24121,0, , 
XP2,144072213500045,13500045, ,2979,0, , 
RE5,144072313500046,13500046, ,2548,0, , 
S10,144073113500053,13500053, ,25182,0, , 
R23,144074213500095,13500095, ,10234,0, , 
R31,144074413500097,13500097, ,10074,0, , 
R2,144075113500102,13500102, ,22616,0, , 
R11,144075613500106,13500106, ,10177,0, , 
R14,144076913500118,13500118, ,25820,0, , 
R12,144079813500142,13500142, ,10297,0, , 
RE2,144083113500172,13500172, ,2260,0, , 
R6,144108213500438,13500438, ,10619,0, , 
RE1,144109713500449,13500449, ,900019,0, , 
S3,144111113500460,13500460, ,900887,0, , 
S4,144112113500467,13500467, ,902782,0, , 
R17,144113613500497,13500497, ,901126,0, , 
R17,144113813500499,13500499, ,900122,0, , 
S8,144114213500502,13500502, ,24851,0, , 
R13,144114313500503,13500503, ,10339,0, , 
R13,144114413500504,13500504, ,10331,0, , 
R11,144114713500506,13500506, ,10164,0, , 
RE8,144115813500516,13500516, ,2820,0, , 
R18,144116813500526,13500526, ,10435,0, , 
RE5,144091613500258,13500258, ,2520,0, , 
RE5,144092213500263,13500263, ,2525,0, , 
R35,144093813500277,13500277, ,10575,0, , 
R40,144094313500281,13500281, ,10005,0, , 
R5,144094513500282,13500282, ,10517,0, , 
R40,144096613500317,13500317, ,10004,0, , 
R6,144097013500321,13500321, ,10633,0, , 
R37,144098013500331,13500331, ,10782,0, , 
S1,144098113500332,13500332, ,24151,0, , 
S5,144098213500333,13500333, ,24562,0, , 
S5,144098313500334,13500334, ,24567,0, , 
RE2,144098513500336,13500336, ,2277,0, , 
R1,144098813500339,13500339, ,10116,0, , 
RE6,144100613500354,13500354, ,2660,0, , 
R36,144101013500357,13500357, ,10682,0, , 
S2,144102213500367,13500367, ,24219,0, , 
RE5,144105013500397,13500397, ,2556,0, , 
RE5,144105113500398,13500398, ,2557,0, , 
R27,143780813497609,13497609, ,900214,0, , 
S8,143785213497618,13497618, ,24857,0, , 
RE80,143787513497655,13497655, ,25203,0, , 
S11,143787613497656,13497656, ,25086,0, , 
S11,143788413497662,13497662, ,25078,0, , 
S11,143790113497673,13497673, ,25039,0, , 
S11,143790713497679,13497679, ,25087,0, , 
R27,143782313497582,13497582, ,900276,0, , 
R27,143783513497599,13497599, ,900273,0, , 
R27,143783413497601,13497601, ,900265,0, , 
S2,143840313498127,13498127, ,24260,0, , 
R8,143847613498138,13498138, ,10835,0, , 
RE80,143792413497694,13497694, ,25520,0, , 
RE80,143793013497700,13497700, ,25519,0, , 
RE80,143793113497701,13497701, ,25507,0, , 
S11,143794813497716,13497716, ,25227,0, , 
S11,143796213497730,13497730, ,25056,0, , 
S11,143796713497735,13497735, ,25048,0, , 
S11,143797613497744,13497744, ,25016,0, , 
S11,143798213497759,13497759, ,25057,0, , 
S11,143798313497760,13497760, ,25053,0, , 
RE80,143799313497770,13497770, ,25534,0, , 
R18,143801713497795,13497795, ,10418,0, , 
R18,143802513497803,13497803, ,10437,0, , 
S9,143803213497808,13497808, ,24958,0, , 
S7,143803613497811,13497811, ,24737,0, , 
S9,143807013497833,13497833, ,24982,0, , 
S7,143807413497835,13497835, ,24757,0, , 
S9,143808513497843,13497843, ,24952,0, , 
S9,143808613497844,13497844, ,24933,0, , 
S9,143809613497859,13497859, ,24960,0, , 
S9,143810513497866,13497866, ,24954,0, , 
S7,143812313497878,13497878, ,24754,0, , 
S9,143814213497887,13497887, ,24986,0, , 
S9,143817213497907,13497907, ,24914,0, , 
S9,143818113497914,13497914, ,24921,0, , 
S9,143818513497935,13497935, ,24940,0, , 
S8,143821713497959,13497959, ,24889,0, , 
S8,143824613497994,13497994, ,24864,0, , 
RE8,143825013497998,13497998, ,2826,0, , 
S8,143825613498004,13498004, ,24849,0, , 
R14,143826013498008,13498008, ,25827,0, , 
S8,143826613498014,13498014, ,24829,0, , 
R14,143827613498039,13498039, ,25874,0, , 
S8,143827713498040,13498040, ,24865,0, , 
R14,143827913498042,13498042, ,25879,0, , 
S2,143828513498047,13498047, ,24263,0, , 
S2,143829213498051,13498051, ,24224,0, , 
RE2,143833213498081,13498081, ,2226,0, , 
S5,143833813498085,13498085, ,24530,0, , 
RE11,143833913498086,13498086, ,2166,0, , 
R4,143834513498092,13498092, ,10919,0, , 
S5,143835813498103,13498103, ,24525,0, , 
R13,143864213498284,13498284, ,10332,0, , 
R13,143864513498286,13498286, ,10330,0, , 
R21,143865413498289,13498289, ,25309,0, , 
R13,143867313498302,13498302, ,10334,0, , 
S40,143912913498613,13498613, ,25418,0, , 
R6,143913013498614,13498614, ,10613,0, , 
RE2,143913713498618,13498618, ,2213,0, , 
S30,143872713498334,13498334, ,25335,0, , 
S5,143874813498342,13498342, ,24561,0, , 
S10,143876713498348,13498348, ,25166,0, , 
S10,143877213498353,13498353, ,25168,0, , 
S50,143878013498378,13498378, ,25585,0, , 
S8,143879713498393,13498393, ,24835,0, , 
R34,143882513498414,13498414, ,10459,0, , 
R34,143886313498441,13498441, ,10483,0, , 
R8,143849013498149,13498149, ,10842,0, , 
R8,143849613498154,13498154, ,33470,0, , 
R8,143850913498166,13498166, ,33464,0, , 
R4,143851313498170,13498170, ,10913,0, , 
R11,143851813498173,13498173, ,10175,0, , 
R11,143852813498182,13498182, ,10183,0, , 
R7,143852913498183,13498183, ,10720,0, , 
R7,143853213498184,13498184, ,10716,0, , 
R11,143854713498216,13498216, ,10180,0, , 
R7,143855213498221,13498221, ,10732,0, , 
R13,143855713498224,13498224, ,10337,0, , 
R11,143856813498231,13498231, ,10167,0, , 
S6,143857913498238,13498238, ,24621,0, , 
R11,143859313498250,13498250, ,10161,0, , 
R7,143859813498253,13498253, ,10722,0, , 
S6,143860413498257,13498257, ,24674,0, , 
S6,143861413498265,13498265, ,24665,0, , 
R7,143862213498270,13498270, ,10715,0, , 
R7,143862313498271,13498271, ,10742,0, , 
S5,143863213498278,13498278, ,24553,0, , 
S9,143962013499069,13499069, ,931471,0, , 
S4,143962113499070,13499070, ,911606,0, , 
R22,143962613499074,13499074, ,900013,0, , 
S2,143963113499078,13499078, ,932645,0, , 
R22,143963913499086,13499086, ,911069,0, , 
R16,143965213499098,13499098, ,901641,0, , 
R28,143966713499111,13499111, ,910356,0, , 
R3,143966813499112,13499112, ,902972,0, , 
S3,143967113499115,13499115, ,900858,0, , 
R16,143968313499127,13499127, ,900621,0, , 
S2,143968713499131,13499131, ,932644,0, , 
R28,143969613499139,13499139, ,910322,0, , 
XP1,143917313498637,13498637, ,900316,0, , 
XP1,143917413498638,13498638, ,900344,0, , 
XP1,143917713498641,13498641, ,900319,0, , 
XP1,143918713498651,13498651, ,900336,0, , 
XP1,143918813498652,13498652, ,900379,0, , 
XP1,143919013498654,13498654, ,900305,0, , 
XP1,143919113498655,13498655, ,900309,0, , 
XP1,143919213498656,13498656, ,900361,0, , 
XP1,143920013498664,13498664, ,900329,0, , 
XP1,143920613498670,13498670, ,900390,0, , 
XP1,143920713498671,13498671, ,900382,0, , 
XP1,143920913498673,13498673, ,900337,0, , 
XP1,143921113498675,13498675, ,900372,0, , 
R28,143922013498684,13498684, ,2919,0, , 
S50,143923413498701,13498701, ,928347,0, , 
S50,143924013498707,13498707, ,928355,0, , 
S50,143924213498709,13498709, ,25571,0, , 
S50,143924313498710,13498710, ,25563,0, , 
R4,143925613498723,13498723, ,10907,0, , 
S3,143933713498794,13498794, ,900878,0, , 
RE7,143935113498808,13498808, ,901128,0, , 
R28,143935213498809,13498809, ,910324,0, , 
R16,143935613498813,13498813, ,900632,0, , 
RE3,143937513498831,13498831, ,900978,0, , 
R22,143938313498838,13498838, ,902014,0, , 
S2,143938513498840,13498840, ,932685,0, , 
R28,143940613498860,13498860, ,910312,0, , 
XP1,143941613498868,13498868, ,900339,0, , 
RE3,143942313498875,13498875, ,900970,0, , 
R22,143943113498881,13498881, ,912074,0, , 
S4,143945413498899,13498899, ,902758,0, , 
R22,143945613498901,13498901, ,912062,0, , 
S3,143946313498907,13498907, ,900812,0, , 
R22,143946413498908,13498908, ,910072,0, , 
R17,143946613498910,13498910, ,900176,0, , 
S4,143947713498937,13498937, ,900759,0, , 
S4,143947813498938,13498938, ,902736,0, , 
S4,143948213498942,13498942, ,900755,0, , 
R28,143948713498947,13498947, ,910353,0, , 
R22,143949313498953,13498953, ,910028,0, , 
R22,143949413498954,13498954, ,911078,0, , 
S3,143949613498956,13498956, ,900859,0, , 
R28,143950213498962,13498962, ,910388,0, , 
R17,143950813498968,13498968, ,900117,0, , 
XP2,143951813498977,13498977, ,910374,0, , 
R17,143951913498978,13498978, ,901115,0, , 
S2,143952513498982,13498982, ,932664,0, , 
S3,143956513499018,13499018, ,900825,0, , 
R17,143957213499025,13499025, ,901181,0, , 
S3,143958313499035,13499035, ,900830,0, , 
S3,143960113499052,13499052, ,900840,0, , 
R3,143961513499064,13499064, ,902908,0, , 
R22,143986613499291,13499291, ,912021,0, , 
S2,143987813499303,13499303, ,932640,0, , 
XP1,143988013499305,13499305, ,900307,0, , 
R3,143988413499308,13499308, ,901921,0, , 
R16,143988613499310,13499310, ,901650,0, , 
S2,143989513499318,13499318, ,932681,0, , 
R16,143990813499329,13499329, ,901654,0, , 
XP2,143992813499349,13499349, ,910325,0, , 
RE1,143993113499352,13499352, ,902016,0, , 
S6,144026613499645,13499645, ,24680,0, , 
S6,144027413499652,13499652, ,24662,0, , 
RE2,144028113499659,13499659, ,2241,0, , 
R35,144028313499661,13499661, ,10562,0, , 
XP2,144030813499680,13499680, ,2963,0, , 
R38,144030913499681,13499681, ,10884,0, , 
R36,144032213499693,13499693, ,10675,0, , 
S50,144034113499707,13499707, ,25589,0, , 
S4,143994713499367,13499367, ,900788,0, , 
S50,143996313499382,13499382, ,928305,0, , 
R16,143997113499389,13499389, ,900656,0, , 
R28,143997413499392,13499392, ,910307,0, , 
S3,143998213499398,13499398, ,900852,0, , 
R17,144000013499414,13499414, ,900173,0, , 
R17,144000513499419,13499419, ,900126,0, , 
S2,144000813499422,13499422, ,932678,0, , 
S2,144000913499423,13499423, ,932662,0, , 
R22,144003113499438,13499438, ,900029,0, , 
S50,144004413499448,13499448, ,928350,0, , 
S3,144004513499449,13499449, ,900871,0, , 
XP1,144004613499450,13499450, ,900311,0, , 
R2,144011213499510,13499510, ,22618,0, , 
R13,144013013499526,13499526, ,10326,0, , 
R5,144013213499528,13499528, ,10513,0, , 
RE2,144016813499559,13499559, ,2231,0, , 
R36,144017713499565,13499565, ,10699,0, , 
R2,144018613499573,13499573, ,22621,0, , 
R21,144018813499575,13499575, ,25308,0, , 
S1,144020213499588,13499588, ,24164,0, , 
R31,144020613499592,13499592, ,10052,0, , 
R38,144024013499622,13499622, ,10857,0, , 
RE2,144024413499625,13499625, ,2230,0, , 
R35,144024513499626,13499626, ,10560,0, , 
R35,144025213499633,13499633, ,10583,0, , 
R3,143970013499143,13499143, ,900918,0, , 
R16,143971413499154,13499154, ,901646,0, , 
RE1,143971513499155,13499155, ,900020,0, , 
S3,143971713499157,13499157, ,900839,0, , 
R17,143972013499160,13499160, ,901111,0, , 
R28,143973913499178,13499178, ,910332,0, , 
R22,143975613499194,13499194, ,900049,0, , 
R16,143977013499207,13499207, ,900640,0, , 
R3,143977413499210,13499210, ,901977,0, , 
XP2,143979313499226,13499226, ,910342,0, , 
S3,143980213499234,13499234, ,900882,0, , 
R17,143980613499238,13499238, ,900132,0, , 
R3,143980813499240,13499240, ,914929,0, , 
S2,143981313499244,13499244, ,932639,0, , 
R17,143983113499258,13499258, ,902134,0, , 
R28,143983313499260,13499260, ,910384,0, , 
R28,143983613499263,13499263, ,910321,0, , 
S3,143984313499269,13499269, ,900817,0, , 
S50,143985013499276,13499276, ,928314,0, , 
R22,143985213499278,13499278, ,902030,0, , 
R28,144088013500228,13500228, ,2944,0, , 
R4,144088313500231,13500231, ,10936,0, , 
S9,144088513500233,13500233, ,24978,0, , 
S30,144089113500237,13500237, ,25340,0, , 
R6,144090313500247,13500247, ,10630,0, , 
S1,144090513500249,13500249, ,24160,0, , 
R35,144034813499712,13499712, ,10564,0, , 
S5,144036413499726,13499726, ,24546,0, , 
R23,144037513499735,13499735, ,10244,0, , 
R5,144038213499742,13499742, ,10531,0, , 
S6,144040613499762,13499762, ,24643,0, , 
R25,144041013499766,13499766, ,11265,0, , 
R37,144045013499804,13499804, ,10775,0, , 
S9,144045613499810,13499810, ,24983,0, , 
R31,144046713499820,13499820, ,10061,0, , 
RE5,144046913499822,13499822, ,2524,0, , 
R23,144048213499831,13499831, ,10214,0, , 
XP2,144049113499840,13499840, ,2931,0, , 
S5,144050713499854,13499854, ,24558,0, , 
S1,144051013499857,13499857, ,24144,0, , 
R25,144051313499859,13499859, ,11277,0, , 
R37,144051513499860,13499860, ,10773,0, , 
R4,144051913499864,13499864, ,10929,0, , 
R13,144052113499866,13499866, ,10310,0, , 
R6,144054113499883,13499883, ,10602,0, , 
R2,144054913499891,13499891, ,22642,0, , 
RE11,144055613499898,13499898, ,2181,0, , 
RE6,144055713499899,13499899, ,2645,0, , 
R1,144055913499901,13499901, ,10138,0, , 
R13,144056913499910,13499910, ,10318,0, , 
S2,144058013499920,13499920, ,24220,0, , 
R1,144059413499930,13499930, ,10105,0, , 
RE2,144059613499932,13499932, ,2253,0, , 
R23,144060113499937,13499937, ,10221,0, , 
RE5,144061813499953,13499953, ,2577,0, , 
S1,144062613499960,13499960, ,24143,0, , 
R38,144063113499963,13499963, ,10869,0, , 
R31,144063513499966,13499966, ,10098,0, , 
R4,144063713499968,13499968, ,2675,0, , 
R6,144064213499972,13499972, ,10618,0, , 
S6,144064313499973,13499973, ,24649,0, , 
RE5,144065613499983,13499983, ,2517,0, , 
R38,144066213499989,13499989, ,10871,0, , 
RE4,144067413500000,13500000, ,2419,0, , 
R28,144067613500002,13500002, ,2980,0, , 
R14,144067813500004,13500004, ,25830,0, , 
R6,144068313500009,13500009, ,10625,0, , 
S1,144070113500027,13500027, ,24180,0, , 
R2,144070513500031,13500031, ,22623,0, , 
RE5,144071213500036,13500036, ,2549,0, , 
S1,144072013500043,13500043, ,24149,0, , 
R36,144072413500047,13500047, ,10680,0, , 
R31,144075313500104,13500104, ,10073,0, , 
RE2,144076013500110,13500110, ,2232,0, , 
RE6,144076613500115,13500115, ,2644,0, , 
R2,144077813500125,13500125, ,22654,0, , 
R38,144078613500133,13500133, ,10859,0, , 
S2,144078913500135,13500135, ,24271,0, , 
RE2,144079713500141,13500141, ,2235,0, , 
S1,144080113500145,13500145, ,24153,0, , 
S6,144080513500149,13500149, ,24646,0, , 
R25,144081113500155,13500155, ,11278,0, , 
RE11,144081213500156,13500156, ,2177,0, , 
R38,144081313500157,13500157, ,10896,0, , 
R25,144081913500161,13500161, ,11275,0, , 
S50,144107713500422,13500422, ,25561,0, , 
RE1,144109613500448,13500448, ,900070,0, , 
R28,144112613500472,13500472, ,910326,0, , 
XP2,144112913500475,13500475, ,910309,0, , 
R11,144114813500507,13500507, ,10160,0, , 
R37,144093513500274,13500274, ,10767,0, , 
RE11,144095313500289,13500289, ,2175,0, , 
S5,144097113500322,13500322, ,24563,0, , 
S40,144100113500351,13500351, ,25426,0, , 
XP2,144101313500360,13500360, ,2946,0, , 
R12,144104213500390,13500390, ,10296,0, , 
RE5,144104813500395,13500395, ,2552,0, , 
R21,144106813500414,13500414, ,25315,0, , 
S11,143785413497620,13497620, ,25051,0, , 
S11,143785613497622,13497622, ,25035,0, , 
S11,143785713497623,13497623, ,25050,0, , 
S11,143786213497628,13497628, ,25219,0, , 
S8,143787213497634,13497634, ,24822,0, , 
S11,143788013497659,13497659, ,25273,0, , 
S11,143789413497669,13497669, ,25079,0, , 
S11,143790313497675,13497675, ,25062,0, , 
RE8,143790913497681,13497681, ,2838,0, , 
S8,143791113497683,13497683, ,24884,0, , 
R27,143780713497579,13497579, ,902269,0, , 
R27,143782613497595,13497595, ,900223,0, , 
R17,143780313497596,13497596, ,902113,0, , 
R27,143781813497600,13497600, ,900250,0, , 
S6,143839313498122,13498122, ,24623,0, , 
S2,143840213498126,13498126, ,24250,0, , 
R8,143847513498137,13498137, ,10827,0, , 
R8,143847713498139,13498139, ,10804,0, , 
R8,143848013498142,13498142, ,10822,0, , 
RE80,143793313497703,13497703, ,25509,0, , 
RE80,143795613497724,13497724, ,25508,0, , 
RE80,143796313497731,13497731, ,25524,0, , 
RE8,143796513497733,13497733, ,2829,0, , 
S11,143797413497742,13497742, ,25025,0, , 
S11,143797713497754,13497754, ,25040,0, , 
RE80,143798413497761,13497761, ,25512,0, , 
S11,143798713497764,13497764, ,25072,0, , 
S11,143798813497765,13497765, ,25032,0, , 
R12,143800813497783,13497783, ,10294,0, , 
R18,143801013497785,13497785, ,10430,0, , 
R18,143801913497797,13497797, ,10415,0, , 
R18,143802313497801,13497801, ,10443,0, , 
R18,143802413497802,13497802, ,10439,0, , 
S7,143803513497810,13497810, ,24768,0, , 
S7,143804113497815,13497815, ,24773,0, , 
S7,143805313497820,13497820, ,24760,0, , 
S9,143805413497821,13497821, ,24963,0, , 
S9,143805613497823,13497823, ,24930,0, , 
S9,143806013497827,13497827, ,24953,0, , 
S9,143809713497860,13497860, ,24966,0, , 
S9,143810213497863,13497863, ,24980,0, , 
S9,143810413497865,13497865, ,24975,0, , 
S9,143810913497870,13497870, ,24936,0, , 
S9,143813713497884,13497884, ,24981,0, , 
S9,143814713497891,13497891, ,24945,0, , 
S9,143817013497905,13497905, ,24934,0, , 
S9,143817613497910,13497910, ,24971,0, , 
S9,143818213497915,13497915, ,24973,0, , 
RE8,143821313497955,13497955, ,2842,0, , 
R14,143823413497982,13497982, ,25815,0, , 
RE8,143824513497993,13497993, ,2839,0, , 
S11,143824913497997,13497997, ,25089,0, , 
R14,143825213498000,13498000, ,25855,0, , 
S8,143826213498010,13498010, ,24881,0, , 
R14,143826513498013,13498013, ,25854,0, , 
S2,143828213498044,13498044, ,24226,0, , 
S6,143828613498048,13498048, ,24629,0, , 
S2,143831813498068,13498068, ,24247,0, , 
S2,143835513498100,13498100, ,24232,0, , 
S5,143865013498288,13498288, ,24576,0, , 
R13,143865813498293,13498293, ,10324,0, , 
R21,143869213498317,13498317, ,25356,0, , 
S5,143871413498327,13498327, ,24552,0, , 
R13,143913413498616,13498616, ,10333,0, , 
R21,143872913498335,13498335, ,25307,0, , 
R13,143874013498339,13498339, ,10336,0, , 
S10,143876913498350,13498350, ,25160,0, , 
S40,143877013498351,13498351, ,25414,0, , 
S8,143877313498354,13498354, ,24827,0, , 
S8,143877713498375,13498375, ,24828,0, , 
S10,143879313498390,13498390, ,25174,0, , 
S40,143880513498401,13498401, ,25464,0, , 
S40,143881113498406,13498406, ,25460,0, , 
S9,143882113498411,13498411, ,24941,0, , 
R34,143882313498412,13498412, ,10475,0, , 
R34,143882813498416,13498416, ,10477,0, , 
R34,143887613498449,13498449, ,10467,0, , 
R8,143848813498147,13498147, ,10811,0, , 
R8,143848913498148,13498148, ,10823,0, , 
R8,143850013498158,13498158, ,33456,0, , 
R8,143850213498160,13498160, ,33453,0, , 
R8,143850413498162,13498162, ,33467,0, , 
R8,143850713498164,13498164, ,33458,0, , 
R8,143851113498168,13498168, ,33462,0, , 
R11,143851413498171,13498171, ,10182,0, , 
S6,143851613498172,13498172, ,24617,0, , 
S6,143854413498214,13498214, ,24663,0, , 
S2,143855013498219,13498219, ,24216,0, , 
R7,143855513498223,13498223, ,10735,0, , 
R7,143856713498230,13498230, ,10731,0, , 
R11,143856913498232,13498232, ,10179,0, , 
R7,143857713498236,13498236, ,10714,0, , 
R11,143858213498240,13498240, ,10159,0, , 
R11,143859113498248,13498248, ,10168,0, , 
S6,143860313498256,13498256, ,24670,0, , 
R11,143862013498268,13498268, ,10154,0, , 
R11,143862413498272,13498272, ,10181,0, , 
R11,143862713498274,13498274, ,10169,0, , 
R3,143962913499076,13499076, ,910986,0, , 
R28,143963013499077,13499077, ,910315,0, , 
S4,143964013499087,13499087, ,902726,0, , 
S3,143965913499104,13499104, ,900844,0, , 
R22,143966113499105,13499105, ,900055,0, , 
XP2,143967313499117,13499117, ,910362,0, , 
S9,143968113499125,13499125, ,931459,0, , 
S3,143969213499136,13499136, ,900876,0, , 
S2,143969313499137,13499137, ,932629,0, , 
RE6,143913913498619,13498619, ,2613,0, , 
R28,143916413498631,13498631, ,2913,0, , 
XP1,143918313498647,13498647, ,900325,0, , 
XP1,143918413498648,13498648, ,900347,0, , 
XP1,143918913498653,13498653, ,900332,0, , 
XP1,143920313498667,13498667, ,900393,0, , 
S50,143922513498688,13498688, ,928319,0, , 
S50,143922613498689,13498689, ,928389,0, , 
S50,143923313498700,13498700, ,928330,0, , 
S50,143923713498704,13498704, ,928362,0, , 
RE1,143936213498819,13498819, ,900058,0, , 
R16,143936413498821,13498821, ,901665,0, , 
R17,143937013498827,13498827, ,900165,0, , 
R22,143938413498839,13498839, ,900078,0, , 
XP2,143940413498858,13498858, ,910313,0, , 
S2,143944113498889,13498889, ,932634,0, , 
R17,143945713498902,13498902, ,900184,0, , 
S50,143947413498934,13498934, ,928343,0, , 
R16,143949013498950,13498950, ,900660,0, , 
R22,143949713498957,13498957, ,912082,0, , 
R22,143949813498958,13498958, ,900083,0, , 
XP1,143950413498964,13498964, ,900377,0, , 
R3,143950613498966,13498966, ,900957,0, , 
XP2,143951013498970,13498970, ,910337,0, , 
S3,143952613498983,13498983, ,900849,0, , 
R22,143953013498987,13498987, ,910022,0, , 
R17,143953613498992,13498992, ,900131,0, , 
R17,143953713498993,13498993, ,902157,0, , 
R17,143954613499002,13499002, ,900114,0, , 
S2,143956813499021,13499021, ,932628,0, , 
R28,143957013499023,13499023, ,910314,0, , 
R16,143957513499028,13499028, ,900681,0, , 
R28,143958213499034,13499034, ,910335,0, , 
S4,143958613499038,13499038, ,900749,0, , 
S4,143959413499046,13499046, ,902774,0, , 
R22,143960313499054,13499054, ,900082,0, , 
R17,143960613499057,13499057, ,900150,0, , 
S4,143961613499065,13499065, ,902746,0, , 
R17,143961713499066,13499066, ,901182,0, , 
XP1,143987013499295,13499295, ,900350,0, , 
S3,143988813499312,13499312, ,900854,0, , 
S4,143989413499317,13499317, ,900789,0, , 
S4,143990713499328,13499328, ,902750,0, , 
S50,143991613499337,13499337, ,928334,0, , 
S4,143992013499341,13499341, ,900731,0, , 
S9,143992213499343,13499343, ,931433,0, , 
S3,143993413499355,13499355, ,900821,0, , 
R4,144028413499662,13499662, ,10941,0, , 
S1,144028513499663,13499663, ,24141,0, , 
R36,144029313499669,13499669, ,10662,0, , 
R23,144029413499670,13499670, ,10219,0, , 
R14,144031013499682,13499682, ,25865,0, , 
R11,144031613499687,13499687, ,10174,0, , 
R38,144031713499688,13499688, ,10879,0, , 
R17,143994113499361,13499361, ,900145,0, , 
XP1,143994313499363,13499363, ,900353,0, , 
RE7,143995313499373,13499373, ,902120,0, , 
R17,143996913499387,13499387, ,900154,0, , 
S9,143997513499393,13499393, ,931449,0, , 
R17,143997613499394,13499394, ,900170,0, , 
R22,143998413499400,13499400, ,910060,0, , 
S2,143999213499408,13499408, ,932623,0, , 
S4,144000713499421,13499421, ,900737,0, , 
S2,144001513499429,13499429, ,932617,0, , 
S2,144001713499431,13499431, ,932632,0, , 
S2,144001813499432,13499432, ,932661,0, , 
XP2,144002713499435,13499435, ,910346,0, , 
XP2,144003313499440,13499440, ,910338,0, , 
S3,144004813499452,13499452, ,900895,0, , 
R13,144005013499454,13499454, ,10313,0, , 
R23,144012013499516,13499516, ,10205,0, , 
R6,144012213499518,13499518, ,10610,0, , 
S1,144014913499543,13499543, ,24114,0, , 
R36,144016013499552,13499552, ,10686,0, , 
XP2,144018413499571,13499571, ,2938,0, , 
S1,144019013499577,13499577, ,24032,0, , 
R35,144019613499583,13499583, ,10579,0, , 
R28,144020113499587,13499587, ,2948,0, , 
R36,144021413499600,13499600, ,10689,0, , 
R1,144022513499608,13499608, ,10132,0, , 
S1,144024213499624,13499624, ,24124,0, , 
R6,144024713499628,13499628, ,10604,0, , 
R37,144024913499630,13499630, ,10776,0, , 
R41,144025113499632,13499632, ,10974,0, , 
R17,143973713499176,13499176, ,902107,0, , 
S4,143978613499219,13499219, ,900765,0, , 
XP2,143982513499252,13499252, ,910355,0, , 
R16,143983013499257,13499257, ,900680,0, , 
R3,143984013499266,13499266, ,901913,0, , 
RE5,144083713500176,13500176, ,2576,0, , 
R2,144083913500178,13500178, ,22634,0, , 
S50,144084613500183,13500183, ,25562,0, , 
R6,144086113500197,13500197, ,10617,0, , 
RE2,144086613500214,13500214, ,2233,0, , 
R4,144087613500224,13500224, ,10906,0, , 
R28,144088113500229,13500229, ,2953,0, , 
S1,144089213500238,13500238, ,24158,0, , 
S5,144090113500245,13500245, ,24574,0, , 
S5,144090213500246,13500246, ,24516,0, , 
R2,144090713500251,13500251, ,22669,0, , 
S6,144090813500252,13500252, ,24645,0, , 
RE5,144090913500253,13500253, ,2512,0, , 
S6,144034713499711,13499711, ,24653,0, , 
R38,144036013499722,13499722, ,10873,0, , 
R38,144037013499731,13499731, ,10892,0, , 
RE6,144038813499747,13499747, ,2630,0, , 
S5,144042913499783,13499783, ,24532,0, , 
R2,144043013499784,13499784, ,22651,0, , 
RE5,144046113499815,13499815, ,2566,0, , 
S1,144047413499826,13499826, ,24171,0, , 
R4,144049213499841,13499841, ,10932,0, , 
S9,144050813499855,13499855, ,24946,0, , 
R35,144051713499862,13499862, ,10581,0, , 
S1,144053813499880,13499880, ,24138,0, , 
R36,144056513499907,13499907, ,10684,0, , 
R31,144056813499909,13499909, ,10048,0, , 
S1,144057413499915,13499915, ,24154,0, , 
R6,144059813499934,13499934, ,10631,0, , 
R31,144060313499939,13499939, ,10077,0, , 
R31,144062413499958,13499958, ,10085,0, , 
S6,144063813499969,13499969, ,24647,0, , 
RE4,144064513499975,13499975, ,2415,0, , 
R25,144065913499986,13499986, ,11256,0, , 
S40,144066113499988,13499988, ,25458,0, , 
R41,144067913500005,13500005, ,10979,0, , 
S40,144069813500024,13500024, ,25412,0, , 
S2,144070313500029,13500029, ,24217,0, , 
RE5,144071613500040,13500040, ,2570,0, , 
R37,144073413500055,13500055, ,10772,0, , 
RE2,144074313500096,13500096, ,2239,0, , 
R38,144076113500111,13500111, ,10866,0, , 
R2,144076713500116,13500116, ,22667,0, , 
S1,144077013500119,13500119, ,24169,0, , 
R39,144077913500126,13500126, ,10790,0, , 
S40,144078713500134,13500134, ,25474,0, , 
R36,144079413500138,13500138, ,10678,0, , 
R37,144079913500143,13500143, ,10770,0, , 
R23,144081513500158,13500158, ,10230,0, , 
RE5,144081813500160,13500160, ,2572,0, , 
R31,144082813500169,13500169, ,10045,0, , 
RE2,144082913500170,13500170, ,2237,0, , 
R5,144108313500439,13500439, ,10518,0, , 
S2,144110513500455,13500455, ,932652,0, , 
S50,144112713500473,13500473, ,928324,0, , 
S5,144115413500512,13500512, ,24534,0, , 
S1,144093013500269,13500269, ,24156,0, , 
R2,144094613500283,13500283, ,22674,0, , 
RE4,144095513500291,13500291, ,2431,0, , 
RE5,144097213500323,13500323, ,2541,0, , 
R37,144097413500325,13500325, ,10780,0, , 
S5,144098913500340,13500340, ,24537,0, , 
S50,144099213500343,13500343, ,25578,0, , 
S1,144099413500345,13500345, ,24123,0, , 
S5,144099713500347,13500347, ,24523,0, , 
R5,144099813500348,13500348, ,10519,0, , 
RE2,144101813500364,13500364, ,2238,0, , 
R36,144104513500393,13500393, ,10660,0, , 
S40,144104713500394,13500394, ,25428,0, , 
S50,144104913500396,13500396, ,25558,0, , 
RE5,144105513500402,13500402, ,2573,0, , 
R28,144106013500407,13500407, ,2921,0, , 
XP2,144106513500412,13500412, ,2950,0, , 
R6,144107113500417,13500417, ,10601,0, , 
S50,144107313500419,13500419, ,25553,0, , 
